Plate,Time_h,Well,OD,blank_mean,Type,Concentration,Sample,Antibiotic,Lineage,OD_blanked,sample_group,replicate,timepoint_label,timepoint_actual
Plate1,15.960555555555555,A1,0.096,0.09266666666666666,blank,NA,NA,NA,NA,0.003333333333333341,NA,NA,16h,15.960555555555555
Plate1,15.960555555555555,A2,0.091,0.09266666666666666,blank,NA,NA,NA,NA,-0.0016666666666666635,NA,NA,16h,15.960555555555555
Plate1,15.960555555555555,A3,0.091,0.09266666666666666,blank,NA,NA,NA,NA,-0.0016666666666666635,NA,NA,16h,15.960555555555555
Plate1,15.960555555555555,A4,0.094,0.09266666666666666,empty,NA,NA,NA,NA,0.0013333333333333391,NA,NA,16h,15.960555555555555
Plate1,15.960555555555555,A5,0.092,0.09266666666666666,empty,NA,NA,NA,NA,-6.666666666666626e-4,NA,NA,16h,15.960555555555555
Plate1,15.960555555555555,A6,0.119,0.09266666666666666,sample,0,T2,TOB,evolved,0.026333333333333334,T-lines,1,16h,15.960555555555555
Plate1,15.960555555555555,A7,0.119,0.09266666666666666,sample,0,T2,TOB,evolved,0.026333333333333334,T-lines,2,16h,15.960555555555555
Plate1,15.960555555555555,A8,0.122,0.09266666666666666,sample,0,T2,TOB,evolved,0.029333333333333336,T-lines,3,16h,15.960555555555555
Plate1,15.960555555555555,A9,0.091,0.09266666666666666,empty,NA,NA,NA,NA,-0.0016666666666666635,NA,NA,16h,15.960555555555555
Plate1,15.960555555555555,A10,0.24,0.09266666666666666,sample,0,T2,TOB,ancestor,0.14733333333333332,T-lines,1,16h,15.960555555555555
Plate1,15.960555555555555,A11,0.256,0.09266666666666666,sample,0,T2,TOB,ancestor,0.16333333333333333,T-lines,2,16h,15.960555555555555
Plate1,15.960555555555555,A12,0.26,0.09266666666666666,sample,0,T2,TOB,ancestor,0.16733333333333333,T-lines,3,16h,15.960555555555555
Plate1,15.960555555555555,B1,0.124,0.09266666666666666,sample,0.016,T2,TOB,evolved,0.03133333333333334,T-lines,1,16h,15.960555555555555
Plate1,15.960555555555555,B2,0.121,0.09266666666666666,sample,0.047,T2,TOB,evolved,0.028333333333333335,T-lines,1,16h,15.960555555555555
Plate1,15.960555555555555,B3,0.117,0.09266666666666666,sample,0.125,T2,TOB,evolved,0.024333333333333346,T-lines,1,16h,15.960555555555555
Plate1,15.960555555555555,B4,0.11,0.09266666666666666,sample,0.38,T2,TOB,evolved,0.01733333333333334,T-lines,1,16h,15.960555555555555
Plate1,15.960555555555555,B5,0.103,0.09266666666666666,sample,1,T2,TOB,evolved,0.010333333333333333,T-lines,1,16h,15.960555555555555
Plate1,15.960555555555555,B6,0.098,0.09266666666666666,sample,3,T2,TOB,evolved,0.005333333333333343,T-lines,1,16h,15.960555555555555
Plate1,15.960555555555555,B7,0.095,0.09266666666666666,sample,8,T2,TOB,evolved,0.00233333333333334,T-lines,1,16h,15.960555555555555
Plate1,15.960555555555555,B8,0.096,0.09266666666666666,sample,16,T2,TOB,evolved,0.003333333333333341,T-lines,1,16h,15.960555555555555
Plate1,15.960555555555555,B9,0.095,0.09266666666666666,sample,32,T2,TOB,evolved,0.00233333333333334,T-lines,1,16h,15.960555555555555
Plate1,15.960555555555555,B10,0.1,0.09266666666666666,sample,64,T2,TOB,evolved,0.0073333333333333445,T-lines,1,16h,15.960555555555555
Plate1,15.960555555555555,B11,0.11,0.09266666666666666,sample,128,T2,TOB,evolved,0.01733333333333334,T-lines,1,16h,15.960555555555555
Plate1,15.960555555555555,B12,0.098,0.09266666666666666,sample,256,T2,TOB,evolved,0.005333333333333343,T-lines,1,16h,15.960555555555555
Plate1,15.960555555555555,C1,0.115,0.09266666666666666,sample,0.016,T2,TOB,evolved,0.022333333333333344,T-lines,2,16h,15.960555555555555
Plate1,15.960555555555555,C2,0.112,0.09266666666666666,sample,0.047,T2,TOB,evolved,0.01933333333333334,T-lines,2,16h,15.960555555555555
Plate1,15.960555555555555,C3,0.111,0.09266666666666666,sample,0.125,T2,TOB,evolved,0.01833333333333334,T-lines,2,16h,15.960555555555555
Plate1,15.960555555555555,C4,0.106,0.09266666666666666,sample,0.38,T2,TOB,evolved,0.013333333333333336,T-lines,2,16h,15.960555555555555
Plate1,15.960555555555555,C5,0.105,0.09266666666666666,sample,1,T2,TOB,evolved,0.012333333333333335,T-lines,2,16h,15.960555555555555
Plate1,15.960555555555555,C6,0.098,0.09266666666666666,sample,3,T2,TOB,evolved,0.005333333333333343,T-lines,2,16h,15.960555555555555
Plate1,15.960555555555555,C7,0.097,0.09266666666666666,sample,8,T2,TOB,evolved,0.004333333333333342,T-lines,2,16h,15.960555555555555
Plate1,15.960555555555555,C8,0.096,0.09266666666666666,sample,16,T2,TOB,evolved,0.003333333333333341,T-lines,2,16h,15.960555555555555
Plate1,15.960555555555555,C9,0.097,0.09266666666666666,sample,32,T2,TOB,evolved,0.004333333333333342,T-lines,2,16h,15.960555555555555
Plate1,15.960555555555555,C10,0.099,0.09266666666666666,sample,64,T2,TOB,evolved,0.006333333333333344,T-lines,2,16h,15.960555555555555
Plate1,15.960555555555555,C11,0.095,0.09266666666666666,sample,128,T2,TOB,evolved,0.00233333333333334,T-lines,2,16h,15.960555555555555
Plate1,15.960555555555555,C12,0.097,0.09266666666666666,sample,256,T2,TOB,evolved,0.004333333333333342,T-lines,2,16h,15.960555555555555
Plate1,15.960555555555555,D1,0.113,0.09266666666666666,sample,0.016,T2,TOB,evolved,0.020333333333333342,T-lines,3,16h,15.960555555555555
Plate1,15.960555555555555,D2,0.113,0.09266666666666666,sample,0.047,T2,TOB,evolved,0.020333333333333342,T-lines,3,16h,15.960555555555555
Plate1,15.960555555555555,D3,0.113,0.09266666666666666,sample,0.125,T2,TOB,evolved,0.020333333333333342,T-lines,3,16h,15.960555555555555
Plate1,15.960555555555555,D4,0.108,0.09266666666666666,sample,0.38,T2,TOB,evolved,0.015333333333333338,T-lines,3,16h,15.960555555555555
Plate1,15.960555555555555,D5,0.103,0.09266666666666666,sample,1,T2,TOB,evolved,0.010333333333333333,T-lines,3,16h,15.960555555555555
Plate1,15.960555555555555,D6,0.097,0.09266666666666666,sample,3,T2,TOB,evolved,0.004333333333333342,T-lines,3,16h,15.960555555555555
Plate1,15.960555555555555,D7,0.097,0.09266666666666666,sample,8,T2,TOB,evolved,0.004333333333333342,T-lines,3,16h,15.960555555555555
Plate1,15.960555555555555,D8,0.099,0.09266666666666666,sample,16,T2,TOB,evolved,0.006333333333333344,T-lines,3,16h,15.960555555555555
Plate1,15.960555555555555,D9,0.099,0.09266666666666666,sample,32,T2,TOB,evolved,0.006333333333333344,T-lines,3,16h,15.960555555555555
Plate1,15.960555555555555,D10,0.099,0.09266666666666666,sample,64,T2,TOB,evolved,0.006333333333333344,T-lines,3,16h,15.960555555555555
Plate1,15.960555555555555,D11,0.098,0.09266666666666666,sample,128,T2,TOB,evolved,0.005333333333333343,T-lines,3,16h,15.960555555555555
Plate1,15.960555555555555,D12,0.097,0.09266666666666666,sample,256,T2,TOB,evolved,0.004333333333333342,T-lines,3,16h,15.960555555555555
Plate1,15.960555555555555,E1,0.212,0.09266666666666666,sample,0.016,T2,TOB,ancestor,0.11933333333333333,T-lines,1,16h,15.960555555555555
Plate1,15.960555555555555,E2,0.147,0.09266666666666666,sample,0.047,T2,TOB,ancestor,0.05433333333333333,T-lines,1,16h,15.960555555555555
Plate1,15.960555555555555,E3,0.13,0.09266666666666666,sample,0.125,T2,TOB,ancestor,0.03733333333333334,T-lines,1,16h,15.960555555555555
Plate1,15.960555555555555,E4,0.097,0.09266666666666666,sample,0.38,T2,TOB,ancestor,0.004333333333333342,T-lines,1,16h,15.960555555555555
Plate1,15.960555555555555,E5,0.096,0.09266666666666666,sample,1,T2,TOB,ancestor,0.003333333333333341,T-lines,1,16h,15.960555555555555
Plate1,15.960555555555555,E6,0.094,0.09266666666666666,sample,3,T2,TOB,ancestor,0.0013333333333333391,T-lines,1,16h,15.960555555555555
Plate1,15.960555555555555,E7,0.095,0.09266666666666666,sample,8,T2,TOB,ancestor,0.00233333333333334,T-lines,1,16h,15.960555555555555
Plate1,15.960555555555555,E8,0.096,0.09266666666666666,sample,16,T2,TOB,ancestor,0.003333333333333341,T-lines,1,16h,15.960555555555555
Plate1,15.960555555555555,E9,0.095,0.09266666666666666,sample,32,T2,TOB,ancestor,0.00233333333333334,T-lines,1,16h,15.960555555555555
Plate1,15.960555555555555,E10,0.096,0.09266666666666666,sample,64,T2,TOB,ancestor,0.003333333333333341,T-lines,1,16h,15.960555555555555
Plate1,15.960555555555555,E11,0.097,0.09266666666666666,sample,128,T2,TOB,ancestor,0.004333333333333342,T-lines,1,16h,15.960555555555555
Plate1,15.960555555555555,E12,0.098,0.09266666666666666,sample,256,T2,TOB,ancestor,0.005333333333333343,T-lines,1,16h,15.960555555555555
Plate1,15.960555555555555,F1,0.206,0.09266666666666666,sample,0.016,T2,TOB,ancestor,0.11333333333333333,T-lines,2,16h,15.960555555555555
Plate1,15.960555555555555,F2,0.147,0.09266666666666666,sample,0.047,T2,TOB,ancestor,0.05433333333333333,T-lines,2,16h,15.960555555555555
Plate1,15.960555555555555,F3,0.134,0.09266666666666666,sample,0.125,T2,TOB,ancestor,0.04133333333333335,T-lines,2,16h,15.960555555555555
Plate1,15.960555555555555,F4,0.098,0.09266666666666666,sample,0.38,T2,TOB,ancestor,0.005333333333333343,T-lines,2,16h,15.960555555555555
Plate1,15.960555555555555,F5,0.096,0.09266666666666666,sample,1,T2,TOB,ancestor,0.003333333333333341,T-lines,2,16h,15.960555555555555
Plate1,15.960555555555555,F6,0.097,0.09266666666666666,sample,3,T2,TOB,ancestor,0.004333333333333342,T-lines,2,16h,15.960555555555555
Plate1,15.960555555555555,F7,0.096,0.09266666666666666,sample,8,T2,TOB,ancestor,0.003333333333333341,T-lines,2,16h,15.960555555555555
Plate1,15.960555555555555,F8,0.097,0.09266666666666666,sample,16,T2,TOB,ancestor,0.004333333333333342,T-lines,2,16h,15.960555555555555
Plate1,15.960555555555555,F9,0.096,0.09266666666666666,sample,32,T2,TOB,ancestor,0.003333333333333341,T-lines,2,16h,15.960555555555555
Plate1,15.960555555555555,F10,0.098,0.09266666666666666,sample,64,T2,TOB,ancestor,0.005333333333333343,T-lines,2,16h,15.960555555555555
Plate1,15.960555555555555,F11,0.097,0.09266666666666666,sample,128,T2,TOB,ancestor,0.004333333333333342,T-lines,2,16h,15.960555555555555
Plate1,15.960555555555555,F12,0.098,0.09266666666666666,sample,256,T2,TOB,ancestor,0.005333333333333343,T-lines,2,16h,15.960555555555555
Plate1,15.960555555555555,G1,0.242,0.09266666666666666,sample,0.016,T2,TOB,ancestor,0.14933333333333332,T-lines,3,16h,15.960555555555555
Plate1,15.960555555555555,G2,0.171,0.09266666666666666,sample,0.047,T2,TOB,ancestor,0.07833333333333335,T-lines,3,16h,15.960555555555555
Plate1,15.960555555555555,G3,0.142,0.09266666666666666,sample,0.125,T2,TOB,ancestor,0.049333333333333326,T-lines,3,16h,15.960555555555555
Plate1,15.960555555555555,G4,0.099,0.09266666666666666,sample,0.38,T2,TOB,ancestor,0.006333333333333344,T-lines,3,16h,15.960555555555555
Plate1,15.960555555555555,G5,0.096,0.09266666666666666,sample,1,T2,TOB,ancestor,0.003333333333333341,T-lines,3,16h,15.960555555555555
Plate1,15.960555555555555,G6,0.095,0.09266666666666666,sample,3,T2,TOB,ancestor,0.00233333333333334,T-lines,3,16h,15.960555555555555
Plate1,15.960555555555555,G7,0.098,0.09266666666666666,sample,8,T2,TOB,ancestor,0.005333333333333343,T-lines,3,16h,15.960555555555555
Plate1,15.960555555555555,G8,0.097,0.09266666666666666,sample,16,T2,TOB,ancestor,0.004333333333333342,T-lines,3,16h,15.960555555555555
Plate1,15.960555555555555,G9,0.098,0.09266666666666666,sample,32,T2,TOB,ancestor,0.005333333333333343,T-lines,3,16h,15.960555555555555
Plate1,15.960555555555555,G10,0.099,0.09266666666666666,sample,64,T2,TOB,ancestor,0.006333333333333344,T-lines,3,16h,15.960555555555555
Plate1,15.960555555555555,G11,0.096,0.09266666666666666,sample,128,T2,TOB,ancestor,0.003333333333333341,T-lines,3,16h,15.960555555555555
Plate1,15.960555555555555,G12,0.097,0.09266666666666666,sample,256,T2,TOB,ancestor,0.004333333333333342,T-lines,3,16h,15.960555555555555
Plate1,15.960555555555555,H1,0.09,0.09266666666666666,empty,NA,NA,NA,NA,-0.0026666666666666644,NA,NA,16h,15.960555555555555
Plate1,15.960555555555555,H2,0.089,0.09266666666666666,empty,NA,NA,NA,NA,-0.0036666666666666653,NA,NA,16h,15.960555555555555
Plate1,15.960555555555555,H3,0.089,0.09266666666666666,empty,NA,NA,NA,NA,-0.0036666666666666653,NA,NA,16h,15.960555555555555
Plate1,15.960555555555555,H4,0.089,0.09266666666666666,empty,NA,NA,NA,NA,-0.0036666666666666653,NA,NA,16h,15.960555555555555
Plate1,15.960555555555555,H5,0.089,0.09266666666666666,empty,NA,NA,NA,NA,-0.0036666666666666653,NA,NA,16h,15.960555555555555
Plate1,15.960555555555555,H6,0.089,0.09266666666666666,empty,NA,NA,NA,NA,-0.0036666666666666653,NA,NA,16h,15.960555555555555
Plate1,15.960555555555555,H7,0.09,0.09266666666666666,empty,NA,NA,NA,NA,-0.0026666666666666644,NA,NA,16h,15.960555555555555
Plate1,15.960555555555555,H8,0.091,0.09266666666666666,empty,NA,NA,NA,NA,-0.0016666666666666635,NA,NA,16h,15.960555555555555
Plate1,15.960555555555555,H9,0.09,0.09266666666666666,empty,NA,NA,NA,NA,-0.0026666666666666644,NA,NA,16h,15.960555555555555
Plate1,15.960555555555555,H10,0.09,0.09266666666666666,empty,NA,NA,NA,NA,-0.0026666666666666644,NA,NA,16h,15.960555555555555
Plate1,15.960555555555555,H11,0.089,0.09266666666666666,empty,NA,NA,NA,NA,-0.0036666666666666653,NA,NA,16h,15.960555555555555
Plate1,15.960555555555555,H12,0.089,0.09266666666666666,empty,NA,NA,NA,NA,-0.0036666666666666653,NA,NA,16h,15.960555555555555
Plate2,15.96111111111111,A1,0.091,0.09066666666666666,blank,NA,NA,NA,NA,3.3333333333333826e-4,NA,NA,16h,15.96111111111111
Plate2,15.96111111111111,A2,0.09,0.09066666666666666,blank,NA,NA,NA,NA,-6.666666666666626e-4,NA,NA,16h,15.96111111111111
Plate2,15.96111111111111,A3,0.091,0.09066666666666666,blank,NA,NA,NA,NA,3.3333333333333826e-4,NA,NA,16h,15.96111111111111
Plate2,15.96111111111111,A4,0.094,0.09066666666666666,empty,NA,NA,NA,NA,0.003333333333333341,NA,NA,16h,15.96111111111111
Plate2,15.96111111111111,A5,0.091,0.09066666666666666,empty,NA,NA,NA,NA,3.3333333333333826e-4,NA,NA,16h,15.96111111111111
Plate2,15.96111111111111,A6,0.099,0.09066666666666666,sample,0,T3,TOB,evolved,0.008333333333333345,T-lines,1,16h,15.96111111111111
Plate2,15.96111111111111,A7,0.103,0.09066666666666666,sample,0,T3,TOB,evolved,0.012333333333333335,T-lines,2,16h,15.96111111111111
Plate2,15.96111111111111,A8,0.101,0.09066666666666666,sample,0,T3,TOB,evolved,0.010333333333333347,T-lines,3,16h,15.96111111111111
Plate2,15.96111111111111,A9,0.092,0.09066666666666666,empty,NA,NA,NA,NA,0.0013333333333333391,NA,NA,16h,15.96111111111111
Plate2,15.96111111111111,A10,0.231,0.09066666666666666,sample,0,T3,TOB,ancestor,0.14033333333333337,T-lines,1,16h,15.96111111111111
Plate2,15.96111111111111,A11,0.255,0.09066666666666666,sample,0,T3,TOB,ancestor,0.16433333333333333,T-lines,2,16h,15.96111111111111
Plate2,15.96111111111111,A12,0.281,0.09066666666666666,sample,0,T3,TOB,ancestor,0.19033333333333335,T-lines,3,16h,15.96111111111111
Plate2,15.96111111111111,B1,0.1,0.09066666666666666,sample,0.016,T3,TOB,evolved,0.009333333333333346,T-lines,1,16h,15.96111111111111
Plate2,15.96111111111111,B2,0.11,0.09066666666666666,sample,0.047,T3,TOB,evolved,0.01933333333333334,T-lines,1,16h,15.96111111111111
Plate2,15.96111111111111,B3,0.117,0.09066666666666666,sample,0.125,T3,TOB,evolved,0.026333333333333347,T-lines,1,16h,15.96111111111111
Plate2,15.96111111111111,B4,0.103,0.09066666666666666,sample,0.38,T3,TOB,evolved,0.012333333333333335,T-lines,1,16h,15.96111111111111
Plate2,15.96111111111111,B5,0.101,0.09066666666666666,sample,1,T3,TOB,evolved,0.010333333333333347,T-lines,1,16h,15.96111111111111
Plate2,15.96111111111111,B6,0.109,0.09066666666666666,sample,3,T3,TOB,evolved,0.01833333333333334,T-lines,1,16h,15.96111111111111
Plate2,15.96111111111111,B7,0.104,0.09066666666666666,sample,8,T3,TOB,evolved,0.013333333333333336,T-lines,1,16h,15.96111111111111
Plate2,15.96111111111111,B8,0.105,0.09066666666666666,sample,16,T3,TOB,evolved,0.014333333333333337,T-lines,1,16h,15.96111111111111
Plate2,15.96111111111111,B9,0.106,0.09066666666666666,sample,32,T3,TOB,evolved,0.015333333333333338,T-lines,1,16h,15.96111111111111
Plate2,15.96111111111111,B10,0.109,0.09066666666666666,sample,64,T3,TOB,evolved,0.01833333333333334,T-lines,1,16h,15.96111111111111
Plate2,15.96111111111111,B11,0.109,0.09066666666666666,sample,128,T3,TOB,evolved,0.01833333333333334,T-lines,1,16h,15.96111111111111
Plate2,15.96111111111111,B12,0.098,0.09066666666666666,sample,256,T3,TOB,evolved,0.0073333333333333445,T-lines,1,16h,15.96111111111111
Plate2,15.96111111111111,C1,0.098,0.09066666666666666,sample,0.016,T3,TOB,evolved,0.0073333333333333445,T-lines,2,16h,15.96111111111111
Plate2,15.96111111111111,C2,0.105,0.09066666666666666,sample,0.047,T3,TOB,evolved,0.014333333333333337,T-lines,2,16h,15.96111111111111
Plate2,15.96111111111111,C3,0.103,0.09066666666666666,sample,0.125,T3,TOB,evolved,0.012333333333333335,T-lines,2,16h,15.96111111111111
Plate2,15.96111111111111,C4,0.103,0.09066666666666666,sample,0.38,T3,TOB,evolved,0.012333333333333335,T-lines,2,16h,15.96111111111111
Plate2,15.96111111111111,C5,0.104,0.09066666666666666,sample,1,T3,TOB,evolved,0.013333333333333336,T-lines,2,16h,15.96111111111111
Plate2,15.96111111111111,C6,0.098,0.09066666666666666,sample,3,T3,TOB,evolved,0.0073333333333333445,T-lines,2,16h,15.96111111111111
Plate2,15.96111111111111,C7,0.095,0.09066666666666666,sample,8,T3,TOB,evolved,0.004333333333333342,T-lines,2,16h,15.96111111111111
Plate2,15.96111111111111,C8,0.098,0.09066666666666666,sample,16,T3,TOB,evolved,0.0073333333333333445,T-lines,2,16h,15.96111111111111
Plate2,15.96111111111111,C9,0.097,0.09066666666666666,sample,32,T3,TOB,evolved,0.006333333333333344,T-lines,2,16h,15.96111111111111
Plate2,15.96111111111111,C10,0.1,0.09066666666666666,sample,64,T3,TOB,evolved,0.009333333333333346,T-lines,2,16h,15.96111111111111
Plate2,15.96111111111111,C11,0.103,0.09066666666666666,sample,128,T3,TOB,evolved,0.012333333333333335,T-lines,2,16h,15.96111111111111
Plate2,15.96111111111111,C12,0.096,0.09066666666666666,sample,256,T3,TOB,evolved,0.005333333333333343,T-lines,2,16h,15.96111111111111
Plate2,15.96111111111111,D1,0.098,0.09066666666666666,sample,0.016,T3,TOB,evolved,0.0073333333333333445,T-lines,3,16h,15.96111111111111
Plate2,15.96111111111111,D2,0.097,0.09066666666666666,sample,0.047,T3,TOB,evolved,0.006333333333333344,T-lines,3,16h,15.96111111111111
Plate2,15.96111111111111,D3,0.096,0.09066666666666666,sample,0.125,T3,TOB,evolved,0.005333333333333343,T-lines,3,16h,15.96111111111111
Plate2,15.96111111111111,D4,0.096,0.09066666666666666,sample,0.38,T3,TOB,evolved,0.005333333333333343,T-lines,3,16h,15.96111111111111
Plate2,15.96111111111111,D5,0.095,0.09066666666666666,sample,1,T3,TOB,evolved,0.004333333333333342,T-lines,3,16h,15.96111111111111
Plate2,15.96111111111111,D6,0.097,0.09066666666666666,sample,3,T3,TOB,evolved,0.006333333333333344,T-lines,3,16h,15.96111111111111
Plate2,15.96111111111111,D7,0.095,0.09066666666666666,sample,8,T3,TOB,evolved,0.004333333333333342,T-lines,3,16h,15.96111111111111
Plate2,15.96111111111111,D8,0.096,0.09066666666666666,sample,16,T3,TOB,evolved,0.005333333333333343,T-lines,3,16h,15.96111111111111
Plate2,15.96111111111111,D9,0.097,0.09066666666666666,sample,32,T3,TOB,evolved,0.006333333333333344,T-lines,3,16h,15.96111111111111
Plate2,15.96111111111111,D10,0.097,0.09066666666666666,sample,64,T3,TOB,evolved,0.006333333333333344,T-lines,3,16h,15.96111111111111
Plate2,15.96111111111111,D11,0.098,0.09066666666666666,sample,128,T3,TOB,evolved,0.0073333333333333445,T-lines,3,16h,15.96111111111111
Plate2,15.96111111111111,D12,0.094,0.09066666666666666,sample,256,T3,TOB,evolved,0.003333333333333341,T-lines,3,16h,15.96111111111111
Plate2,15.96111111111111,E1,0.214,0.09066666666666666,sample,0.016,T3,TOB,ancestor,0.12333333333333334,T-lines,1,16h,15.96111111111111
Plate2,15.96111111111111,E2,0.157,0.09066666666666666,sample,0.047,T3,TOB,ancestor,0.06633333333333334,T-lines,1,16h,15.96111111111111
Plate2,15.96111111111111,E3,0.137,0.09066666666666666,sample,0.125,T3,TOB,ancestor,0.04633333333333335,T-lines,1,16h,15.96111111111111
Plate2,15.96111111111111,E4,0.099,0.09066666666666666,sample,0.38,T3,TOB,ancestor,0.008333333333333345,T-lines,1,16h,15.96111111111111
Plate2,15.96111111111111,E5,0.098,0.09066666666666666,sample,1,T3,TOB,ancestor,0.0073333333333333445,T-lines,1,16h,15.96111111111111
Plate2,15.96111111111111,E6,0.096,0.09066666666666666,sample,3,T3,TOB,ancestor,0.005333333333333343,T-lines,1,16h,15.96111111111111
Plate2,15.96111111111111,E7,0.095,0.09066666666666666,sample,8,T3,TOB,ancestor,0.004333333333333342,T-lines,1,16h,15.96111111111111
Plate2,15.96111111111111,E8,0.097,0.09066666666666666,sample,16,T3,TOB,ancestor,0.006333333333333344,T-lines,1,16h,15.96111111111111
Plate2,15.96111111111111,E9,0.098,0.09066666666666666,sample,32,T3,TOB,ancestor,0.0073333333333333445,T-lines,1,16h,15.96111111111111
Plate2,15.96111111111111,E10,0.099,0.09066666666666666,sample,64,T3,TOB,ancestor,0.008333333333333345,T-lines,1,16h,15.96111111111111
Plate2,15.96111111111111,E11,0.1,0.09066666666666666,sample,128,T3,TOB,ancestor,0.009333333333333346,T-lines,1,16h,15.96111111111111
Plate2,15.96111111111111,E12,0.097,0.09066666666666666,sample,256,T3,TOB,ancestor,0.006333333333333344,T-lines,1,16h,15.96111111111111
Plate2,15.96111111111111,F1,0.219,0.09066666666666666,sample,0.016,T3,TOB,ancestor,0.12833333333333335,T-lines,2,16h,15.96111111111111
Plate2,15.96111111111111,F2,0.162,0.09066666666666666,sample,0.047,T3,TOB,ancestor,0.07133333333333335,T-lines,2,16h,15.96111111111111
Plate2,15.96111111111111,F3,0.14,0.09066666666666666,sample,0.125,T3,TOB,ancestor,0.049333333333333354,T-lines,2,16h,15.96111111111111
Plate2,15.96111111111111,F4,0.1,0.09066666666666666,sample,0.38,T3,TOB,ancestor,0.009333333333333346,T-lines,2,16h,15.96111111111111
Plate2,15.96111111111111,F5,0.098,0.09066666666666666,sample,1,T3,TOB,ancestor,0.0073333333333333445,T-lines,2,16h,15.96111111111111
Plate2,15.96111111111111,F6,0.097,0.09066666666666666,sample,3,T3,TOB,ancestor,0.006333333333333344,T-lines,2,16h,15.96111111111111
Plate2,15.96111111111111,F7,0.097,0.09066666666666666,sample,8,T3,TOB,ancestor,0.006333333333333344,T-lines,2,16h,15.96111111111111
Plate2,15.96111111111111,F8,0.097,0.09066666666666666,sample,16,T3,TOB,ancestor,0.006333333333333344,T-lines,2,16h,15.96111111111111
Plate2,15.96111111111111,F9,0.097,0.09066666666666666,sample,32,T3,TOB,ancestor,0.006333333333333344,T-lines,2,16h,15.96111111111111
Plate2,15.96111111111111,F10,0.098,0.09066666666666666,sample,64,T3,TOB,ancestor,0.0073333333333333445,T-lines,2,16h,15.96111111111111
Plate2,15.96111111111111,F11,0.098,0.09066666666666666,sample,128,T3,TOB,ancestor,0.0073333333333333445,T-lines,2,16h,15.96111111111111
Plate2,15.96111111111111,F12,0.099,0.09066666666666666,sample,256,T3,TOB,ancestor,0.008333333333333345,T-lines,2,16h,15.96111111111111
Plate2,15.96111111111111,G1,0.198,0.09066666666666666,sample,0.016,T3,TOB,ancestor,0.10733333333333335,T-lines,3,16h,15.96111111111111
Plate2,15.96111111111111,G2,0.158,0.09066666666666666,sample,0.047,T3,TOB,ancestor,0.06733333333333334,T-lines,3,16h,15.96111111111111
Plate2,15.96111111111111,G3,0.143,0.09066666666666666,sample,0.125,T3,TOB,ancestor,0.05233333333333333,T-lines,3,16h,15.96111111111111
Plate2,15.96111111111111,G4,0.1,0.09066666666666666,sample,0.38,T3,TOB,ancestor,0.009333333333333346,T-lines,3,16h,15.96111111111111
Plate2,15.96111111111111,G5,0.098,0.09066666666666666,sample,1,T3,TOB,ancestor,0.0073333333333333445,T-lines,3,16h,15.96111111111111
Plate2,15.96111111111111,G6,0.095,0.09066666666666666,sample,3,T3,TOB,ancestor,0.004333333333333342,T-lines,3,16h,15.96111111111111
Plate2,15.96111111111111,G7,0.098,0.09066666666666666,sample,8,T3,TOB,ancestor,0.0073333333333333445,T-lines,3,16h,15.96111111111111
Plate2,15.96111111111111,G8,0.099,0.09066666666666666,sample,16,T3,TOB,ancestor,0.008333333333333345,T-lines,3,16h,15.96111111111111
Plate2,15.96111111111111,G9,0.096,0.09066666666666666,sample,32,T3,TOB,ancestor,0.005333333333333343,T-lines,3,16h,15.96111111111111
Plate2,15.96111111111111,G10,0.097,0.09066666666666666,sample,64,T3,TOB,ancestor,0.006333333333333344,T-lines,3,16h,15.96111111111111
Plate2,15.96111111111111,G11,0.098,0.09066666666666666,sample,128,T3,TOB,ancestor,0.0073333333333333445,T-lines,3,16h,15.96111111111111
Plate2,15.96111111111111,G12,0.098,0.09066666666666666,sample,256,T3,TOB,ancestor,0.0073333333333333445,T-lines,3,16h,15.96111111111111
Plate2,15.96111111111111,H1,0.114,0.09066666666666666,empty,NA,NA,NA,NA,0.023333333333333345,NA,NA,16h,15.96111111111111
Plate2,15.96111111111111,H2,0.113,0.09066666666666666,empty,NA,NA,NA,NA,0.022333333333333344,NA,NA,16h,15.96111111111111
Plate2,15.96111111111111,H3,0.113,0.09066666666666666,empty,NA,NA,NA,NA,0.022333333333333344,NA,NA,16h,15.96111111111111
Plate2,15.96111111111111,H4,0.089,0.09066666666666666,empty,NA,NA,NA,NA,-0.0016666666666666635,NA,NA,16h,15.96111111111111
Plate2,15.96111111111111,H5,0.089,0.09066666666666666,empty,NA,NA,NA,NA,-0.0016666666666666635,NA,NA,16h,15.96111111111111
Plate2,15.96111111111111,H6,0.089,0.09066666666666666,empty,NA,NA,NA,NA,-0.0016666666666666635,NA,NA,16h,15.96111111111111
Plate2,15.96111111111111,H7,0.089,0.09066666666666666,empty,NA,NA,NA,NA,-0.0016666666666666635,NA,NA,16h,15.96111111111111
Plate2,15.96111111111111,H8,0.091,0.09066666666666666,empty,NA,NA,NA,NA,3.3333333333333826e-4,NA,NA,16h,15.96111111111111
Plate2,15.96111111111111,H9,0.09,0.09066666666666666,empty,NA,NA,NA,NA,-6.666666666666626e-4,NA,NA,16h,15.96111111111111
Plate2,15.96111111111111,H10,0.09,0.09066666666666666,empty,NA,NA,NA,NA,-6.666666666666626e-4,NA,NA,16h,15.96111111111111
Plate2,15.96111111111111,H11,0.09,0.09066666666666666,empty,NA,NA,NA,NA,-6.666666666666626e-4,NA,NA,16h,15.96111111111111
Plate2,15.96111111111111,H12,0.089,0.09066666666666666,empty,NA,NA,NA,NA,-0.0016666666666666635,NA,NA,16h,15.96111111111111
Plate1,23.960555555555555,A1,0.096,0.09266666666666666,blank,NA,NA,NA,NA,0.003333333333333341,NA,NA,24h,23.960555555555555
Plate1,23.960555555555555,A2,0.091,0.09266666666666666,blank,NA,NA,NA,NA,-0.0016666666666666635,NA,NA,24h,23.960555555555555
Plate1,23.960555555555555,A3,0.091,0.09266666666666666,blank,NA,NA,NA,NA,-0.0016666666666666635,NA,NA,24h,23.960555555555555
Plate1,23.960555555555555,A4,0.094,0.09266666666666666,empty,NA,NA,NA,NA,0.0013333333333333391,NA,NA,24h,23.960555555555555
Plate1,23.960555555555555,A5,0.092,0.09266666666666666,empty,NA,NA,NA,NA,-6.666666666666626e-4,NA,NA,24h,23.960555555555555
Plate1,23.960555555555555,A6,0.148,0.09266666666666666,sample,0,T2,TOB,evolved,0.05533333333333333,T-lines,1,24h,23.960555555555555
Plate1,23.960555555555555,A7,0.149,0.09266666666666666,sample,0,T2,TOB,evolved,0.05633333333333333,T-lines,2,24h,23.960555555555555
Plate1,23.960555555555555,A8,0.152,0.09266666666666666,sample,0,T2,TOB,evolved,0.059333333333333335,T-lines,3,24h,23.960555555555555
Plate1,23.960555555555555,A9,0.091,0.09266666666666666,empty,NA,NA,NA,NA,-0.0016666666666666635,NA,NA,24h,23.960555555555555
Plate1,23.960555555555555,A10,0.441,0.09266666666666666,sample,0,T2,TOB,ancestor,0.34833333333333333,T-lines,1,24h,23.960555555555555
Plate1,23.960555555555555,A11,0.457,0.09266666666666666,sample,0,T2,TOB,ancestor,0.36433333333333334,T-lines,2,24h,23.960555555555555
Plate1,23.960555555555555,A12,0.453,0.09266666666666666,sample,0,T2,TOB,ancestor,0.36033333333333334,T-lines,3,24h,23.960555555555555
Plate1,23.960555555555555,B1,0.156,0.09266666666666666,sample,0.016,T2,TOB,evolved,0.06333333333333334,T-lines,1,24h,23.960555555555555
Plate1,23.960555555555555,B2,0.148,0.09266666666666666,sample,0.047,T2,TOB,evolved,0.05533333333333333,T-lines,1,24h,23.960555555555555
Plate1,23.960555555555555,B3,0.144,0.09266666666666666,sample,0.125,T2,TOB,evolved,0.05133333333333333,T-lines,1,24h,23.960555555555555
Plate1,23.960555555555555,B4,0.137,0.09266666666666666,sample,0.38,T2,TOB,evolved,0.04433333333333335,T-lines,1,24h,23.960555555555555
Plate1,23.960555555555555,B5,0.116,0.09266666666666666,sample,1,T2,TOB,evolved,0.023333333333333345,T-lines,1,24h,23.960555555555555
Plate1,23.960555555555555,B6,0.098,0.09266666666666666,sample,3,T2,TOB,evolved,0.005333333333333343,T-lines,1,24h,23.960555555555555
Plate1,23.960555555555555,B7,0.095,0.09266666666666666,sample,8,T2,TOB,evolved,0.00233333333333334,T-lines,1,24h,23.960555555555555
Plate1,23.960555555555555,B8,0.095,0.09266666666666666,sample,16,T2,TOB,evolved,0.00233333333333334,T-lines,1,24h,23.960555555555555
Plate1,23.960555555555555,B9,0.094,0.09266666666666666,sample,32,T2,TOB,evolved,0.0013333333333333391,T-lines,1,24h,23.960555555555555
Plate1,23.960555555555555,B10,0.098,0.09266666666666666,sample,64,T2,TOB,evolved,0.005333333333333343,T-lines,1,24h,23.960555555555555
Plate1,23.960555555555555,B11,0.109,0.09266666666666666,sample,128,T2,TOB,evolved,0.01633333333333334,T-lines,1,24h,23.960555555555555
Plate1,23.960555555555555,B12,0.098,0.09266666666666666,sample,256,T2,TOB,evolved,0.005333333333333343,T-lines,1,24h,23.960555555555555
Plate1,23.960555555555555,C1,0.149,0.09266666666666666,sample,0.016,T2,TOB,evolved,0.05633333333333333,T-lines,2,24h,23.960555555555555
Plate1,23.960555555555555,C2,0.14,0.09266666666666666,sample,0.047,T2,TOB,evolved,0.04733333333333335,T-lines,2,24h,23.960555555555555
Plate1,23.960555555555555,C3,0.137,0.09266666666666666,sample,0.125,T2,TOB,evolved,0.04433333333333335,T-lines,2,24h,23.960555555555555
Plate1,23.960555555555555,C4,0.13,0.09266666666666666,sample,0.38,T2,TOB,evolved,0.03733333333333334,T-lines,2,24h,23.960555555555555
Plate1,23.960555555555555,C5,0.124,0.09266666666666666,sample,1,T2,TOB,evolved,0.03133333333333334,T-lines,2,24h,23.960555555555555
Plate1,23.960555555555555,C6,0.098,0.09266666666666666,sample,3,T2,TOB,evolved,0.005333333333333343,T-lines,2,24h,23.960555555555555
Plate1,23.960555555555555,C7,0.097,0.09266666666666666,sample,8,T2,TOB,evolved,0.004333333333333342,T-lines,2,24h,23.960555555555555
Plate1,23.960555555555555,C8,0.096,0.09266666666666666,sample,16,T2,TOB,evolved,0.003333333333333341,T-lines,2,24h,23.960555555555555
Plate1,23.960555555555555,C9,0.096,0.09266666666666666,sample,32,T2,TOB,evolved,0.003333333333333341,T-lines,2,24h,23.960555555555555
Plate1,23.960555555555555,C10,0.099,0.09266666666666666,sample,64,T2,TOB,evolved,0.006333333333333344,T-lines,2,24h,23.960555555555555
Plate1,23.960555555555555,C11,0.095,0.09266666666666666,sample,128,T2,TOB,evolved,0.00233333333333334,T-lines,2,24h,23.960555555555555
Plate1,23.960555555555555,C12,0.096,0.09266666666666666,sample,256,T2,TOB,evolved,0.003333333333333341,T-lines,2,24h,23.960555555555555
Plate1,23.960555555555555,D1,0.147,0.09266666666666666,sample,0.016,T2,TOB,evolved,0.05433333333333333,T-lines,3,24h,23.960555555555555
Plate1,23.960555555555555,D2,0.141,0.09266666666666666,sample,0.047,T2,TOB,evolved,0.048333333333333325,T-lines,3,24h,23.960555555555555
Plate1,23.960555555555555,D3,0.138,0.09266666666666666,sample,0.125,T2,TOB,evolved,0.04533333333333335,T-lines,3,24h,23.960555555555555
Plate1,23.960555555555555,D4,0.131,0.09266666666666666,sample,0.38,T2,TOB,evolved,0.038333333333333344,T-lines,3,24h,23.960555555555555
Plate1,23.960555555555555,D5,0.119,0.09266666666666666,sample,1,T2,TOB,evolved,0.026333333333333334,T-lines,3,24h,23.960555555555555
Plate1,23.960555555555555,D6,0.096,0.09266666666666666,sample,3,T2,TOB,evolved,0.003333333333333341,T-lines,3,24h,23.960555555555555
Plate1,23.960555555555555,D7,0.097,0.09266666666666666,sample,8,T2,TOB,evolved,0.004333333333333342,T-lines,3,24h,23.960555555555555
Plate1,23.960555555555555,D8,0.098,0.09266666666666666,sample,16,T2,TOB,evolved,0.005333333333333343,T-lines,3,24h,23.960555555555555
Plate1,23.960555555555555,D9,0.098,0.09266666666666666,sample,32,T2,TOB,evolved,0.005333333333333343,T-lines,3,24h,23.960555555555555
Plate1,23.960555555555555,D10,0.098,0.09266666666666666,sample,64,T2,TOB,evolved,0.005333333333333343,T-lines,3,24h,23.960555555555555
Plate1,23.960555555555555,D11,0.098,0.09266666666666666,sample,128,T2,TOB,evolved,0.005333333333333343,T-lines,3,24h,23.960555555555555
Plate1,23.960555555555555,D12,0.097,0.09266666666666666,sample,256,T2,TOB,evolved,0.004333333333333342,T-lines,3,24h,23.960555555555555
Plate1,23.960555555555555,E1,0.372,0.09266666666666666,sample,0.016,T2,TOB,ancestor,0.2793333333333333,T-lines,1,24h,23.960555555555555
Plate1,23.960555555555555,E2,0.213,0.09266666666666666,sample,0.047,T2,TOB,ancestor,0.12033333333333333,T-lines,1,24h,23.960555555555555
Plate1,23.960555555555555,E3,0.139,0.09266666666666666,sample,0.125,T2,TOB,ancestor,0.04633333333333335,T-lines,1,24h,23.960555555555555
Plate1,23.960555555555555,E4,0.097,0.09266666666666666,sample,0.38,T2,TOB,ancestor,0.004333333333333342,T-lines,1,24h,23.960555555555555
Plate1,23.960555555555555,E5,0.096,0.09266666666666666,sample,1,T2,TOB,ancestor,0.003333333333333341,T-lines,1,24h,23.960555555555555
Plate1,23.960555555555555,E6,0.094,0.09266666666666666,sample,3,T2,TOB,ancestor,0.0013333333333333391,T-lines,1,24h,23.960555555555555
Plate1,23.960555555555555,E7,0.094,0.09266666666666666,sample,8,T2,TOB,ancestor,0.0013333333333333391,T-lines,1,24h,23.960555555555555
Plate1,23.960555555555555,E8,0.096,0.09266666666666666,sample,16,T2,TOB,ancestor,0.003333333333333341,T-lines,1,24h,23.960555555555555
Plate1,23.960555555555555,E9,0.095,0.09266666666666666,sample,32,T2,TOB,ancestor,0.00233333333333334,T-lines,1,24h,23.960555555555555
Plate1,23.960555555555555,E10,0.096,0.09266666666666666,sample,64,T2,TOB,ancestor,0.003333333333333341,T-lines,1,24h,23.960555555555555
Plate1,23.960555555555555,E11,0.096,0.09266666666666666,sample,128,T2,TOB,ancestor,0.003333333333333341,T-lines,1,24h,23.960555555555555
Plate1,23.960555555555555,E12,0.097,0.09266666666666666,sample,256,T2,TOB,ancestor,0.004333333333333342,T-lines,1,24h,23.960555555555555
Plate1,23.960555555555555,F1,0.366,0.09266666666666666,sample,0.016,T2,TOB,ancestor,0.2733333333333333,T-lines,2,24h,23.960555555555555
Plate1,23.960555555555555,F2,0.211,0.09266666666666666,sample,0.047,T2,TOB,ancestor,0.11833333333333333,T-lines,2,24h,23.960555555555555
Plate1,23.960555555555555,F3,0.144,0.09266666666666666,sample,0.125,T2,TOB,ancestor,0.05133333333333333,T-lines,2,24h,23.960555555555555
Plate1,23.960555555555555,F4,0.098,0.09266666666666666,sample,0.38,T2,TOB,ancestor,0.005333333333333343,T-lines,2,24h,23.960555555555555
Plate1,23.960555555555555,F5,0.096,0.09266666666666666,sample,1,T2,TOB,ancestor,0.003333333333333341,T-lines,2,24h,23.960555555555555
Plate1,23.960555555555555,F6,0.097,0.09266666666666666,sample,3,T2,TOB,ancestor,0.004333333333333342,T-lines,2,24h,23.960555555555555
Plate1,23.960555555555555,F7,0.095,0.09266666666666666,sample,8,T2,TOB,ancestor,0.00233333333333334,T-lines,2,24h,23.960555555555555
Plate1,23.960555555555555,F8,0.096,0.09266666666666666,sample,16,T2,TOB,ancestor,0.003333333333333341,T-lines,2,24h,23.960555555555555
Plate1,23.960555555555555,F9,0.095,0.09266666666666666,sample,32,T2,TOB,ancestor,0.00233333333333334,T-lines,2,24h,23.960555555555555
Plate1,23.960555555555555,F10,0.097,0.09266666666666666,sample,64,T2,TOB,ancestor,0.004333333333333342,T-lines,2,24h,23.960555555555555
Plate1,23.960555555555555,F11,0.097,0.09266666666666666,sample,128,T2,TOB,ancestor,0.004333333333333342,T-lines,2,24h,23.960555555555555
Plate1,23.960555555555555,F12,0.098,0.09266666666666666,sample,256,T2,TOB,ancestor,0.005333333333333343,T-lines,2,24h,23.960555555555555
Plate1,23.960555555555555,G1,0.402,0.09266666666666666,sample,0.016,T2,TOB,ancestor,0.30933333333333335,T-lines,3,24h,23.960555555555555
Plate1,23.960555555555555,G2,0.276,0.09266666666666666,sample,0.047,T2,TOB,ancestor,0.18333333333333335,T-lines,3,24h,23.960555555555555
Plate1,23.960555555555555,G3,0.155,0.09266666666666666,sample,0.125,T2,TOB,ancestor,0.06233333333333334,T-lines,3,24h,23.960555555555555
Plate1,23.960555555555555,G4,0.099,0.09266666666666666,sample,0.38,T2,TOB,ancestor,0.006333333333333344,T-lines,3,24h,23.960555555555555
Plate1,23.960555555555555,G5,0.097,0.09266666666666666,sample,1,T2,TOB,ancestor,0.004333333333333342,T-lines,3,24h,23.960555555555555
Plate1,23.960555555555555,G6,0.095,0.09266666666666666,sample,3,T2,TOB,ancestor,0.00233333333333334,T-lines,3,24h,23.960555555555555
Plate1,23.960555555555555,G7,0.097,0.09266666666666666,sample,8,T2,TOB,ancestor,0.004333333333333342,T-lines,3,24h,23.960555555555555
Plate1,23.960555555555555,G8,0.097,0.09266666666666666,sample,16,T2,TOB,ancestor,0.004333333333333342,T-lines,3,24h,23.960555555555555
Plate1,23.960555555555555,G9,0.097,0.09266666666666666,sample,32,T2,TOB,ancestor,0.004333333333333342,T-lines,3,24h,23.960555555555555
Plate1,23.960555555555555,G10,0.098,0.09266666666666666,sample,64,T2,TOB,ancestor,0.005333333333333343,T-lines,3,24h,23.960555555555555
Plate1,23.960555555555555,G11,0.095,0.09266666666666666,sample,128,T2,TOB,ancestor,0.00233333333333334,T-lines,3,24h,23.960555555555555
Plate1,23.960555555555555,G12,0.097,0.09266666666666666,sample,256,T2,TOB,ancestor,0.004333333333333342,T-lines,3,24h,23.960555555555555
Plate1,23.960555555555555,H1,0.089,0.09266666666666666,empty,NA,NA,NA,NA,-0.0036666666666666653,NA,NA,24h,23.960555555555555
Plate1,23.960555555555555,H2,0.089,0.09266666666666666,empty,NA,NA,NA,NA,-0.0036666666666666653,NA,NA,24h,23.960555555555555
Plate1,23.960555555555555,H3,0.089,0.09266666666666666,empty,NA,NA,NA,NA,-0.0036666666666666653,NA,NA,24h,23.960555555555555
Plate1,23.960555555555555,H4,0.089,0.09266666666666666,empty,NA,NA,NA,NA,-0.0036666666666666653,NA,NA,24h,23.960555555555555
Plate1,23.960555555555555,H5,0.089,0.09266666666666666,empty,NA,NA,NA,NA,-0.0036666666666666653,NA,NA,24h,23.960555555555555
Plate1,23.960555555555555,H6,0.089,0.09266666666666666,empty,NA,NA,NA,NA,-0.0036666666666666653,NA,NA,24h,23.960555555555555
Plate1,23.960555555555555,H7,0.089,0.09266666666666666,empty,NA,NA,NA,NA,-0.0036666666666666653,NA,NA,24h,23.960555555555555
Plate1,23.960555555555555,H8,0.091,0.09266666666666666,empty,NA,NA,NA,NA,-0.0016666666666666635,NA,NA,24h,23.960555555555555
Plate1,23.960555555555555,H9,0.09,0.09266666666666666,empty,NA,NA,NA,NA,-0.0026666666666666644,NA,NA,24h,23.960555555555555
Plate1,23.960555555555555,H10,0.09,0.09266666666666666,empty,NA,NA,NA,NA,-0.0026666666666666644,NA,NA,24h,23.960555555555555
Plate1,23.960555555555555,H11,0.089,0.09266666666666666,empty,NA,NA,NA,NA,-0.0036666666666666653,NA,NA,24h,23.960555555555555
Plate1,23.960555555555555,H12,0.089,0.09266666666666666,empty,NA,NA,NA,NA,-0.0036666666666666653,NA,NA,24h,23.960555555555555
Plate2,23.961388888888887,A1,0.091,0.092,blank,NA,NA,NA,NA,-0.0010000000000000009,NA,NA,24h,23.961388888888887
Plate2,23.961388888888887,A2,0.094,0.092,blank,NA,NA,NA,NA,0.0020000000000000018,NA,NA,24h,23.961388888888887
Plate2,23.961388888888887,A3,0.091,0.092,blank,NA,NA,NA,NA,-0.0010000000000000009,NA,NA,24h,23.961388888888887
Plate2,23.961388888888887,A4,0.093,0.092,empty,NA,NA,NA,NA,0.0010000000000000009,NA,NA,24h,23.961388888888887
Plate2,23.961388888888887,A5,0.091,0.092,empty,NA,NA,NA,NA,-0.0010000000000000009,NA,NA,24h,23.961388888888887
Plate2,23.961388888888887,A6,0.101,0.092,sample,0,T3,TOB,evolved,0.009000000000000008,T-lines,1,24h,23.961388888888887
Plate2,23.961388888888887,A7,0.105,0.092,sample,0,T3,TOB,evolved,0.012999999999999998,T-lines,2,24h,23.961388888888887
Plate2,23.961388888888887,A8,0.103,0.092,sample,0,T3,TOB,evolved,0.010999999999999996,T-lines,3,24h,23.961388888888887
Plate2,23.961388888888887,A9,0.092,0.092,empty,NA,NA,NA,NA,0,NA,NA,24h,23.961388888888887
Plate2,23.961388888888887,A10,0.413,0.092,sample,0,T3,TOB,ancestor,0.32099999999999995,T-lines,1,24h,23.961388888888887
Plate2,23.961388888888887,A11,0.461,0.092,sample,0,T3,TOB,ancestor,0.369,T-lines,2,24h,23.961388888888887
Plate2,23.961388888888887,A12,0.466,0.092,sample,0,T3,TOB,ancestor,0.374,T-lines,3,24h,23.961388888888887
Plate2,23.961388888888887,B1,0.106,0.092,sample,0.016,T3,TOB,evolved,0.013999999999999999,T-lines,1,24h,23.961388888888887
Plate2,23.961388888888887,B2,0.122,0.092,sample,0.047,T3,TOB,evolved,0.03,T-lines,1,24h,23.961388888888887
Plate2,23.961388888888887,B3,0.126,0.092,sample,0.125,T3,TOB,evolved,0.034,T-lines,1,24h,23.961388888888887
Plate2,23.961388888888887,B4,0.107,0.092,sample,0.38,T3,TOB,evolved,0.015,T-lines,1,24h,23.961388888888887
Plate2,23.961388888888887,B5,0.105,0.092,sample,1,T3,TOB,evolved,0.012999999999999998,T-lines,1,24h,23.961388888888887
Plate2,23.961388888888887,B6,0.11,0.092,sample,3,T3,TOB,evolved,0.018000000000000002,T-lines,1,24h,23.961388888888887
Plate2,23.961388888888887,B7,0.105,0.092,sample,8,T3,TOB,evolved,0.012999999999999998,T-lines,1,24h,23.961388888888887
Plate2,23.961388888888887,B8,0.105,0.092,sample,16,T3,TOB,evolved,0.012999999999999998,T-lines,1,24h,23.961388888888887
Plate2,23.961388888888887,B9,0.106,0.092,sample,32,T3,TOB,evolved,0.013999999999999999,T-lines,1,24h,23.961388888888887
Plate2,23.961388888888887,B10,0.109,0.092,sample,64,T3,TOB,evolved,0.017,T-lines,1,24h,23.961388888888887
Plate2,23.961388888888887,B11,0.109,0.092,sample,128,T3,TOB,evolved,0.017,T-lines,1,24h,23.961388888888887
Plate2,23.961388888888887,B12,0.097,0.092,sample,256,T3,TOB,evolved,0.0050000000000000044,T-lines,1,24h,23.961388888888887
Plate2,23.961388888888887,C1,0.1,0.092,sample,0.016,T3,TOB,evolved,0.008000000000000007,T-lines,2,24h,23.961388888888887
Plate2,23.961388888888887,C2,0.111,0.092,sample,0.047,T3,TOB,evolved,0.019000000000000003,T-lines,2,24h,23.961388888888887
Plate2,23.961388888888887,C3,0.109,0.092,sample,0.125,T3,TOB,evolved,0.017,T-lines,2,24h,23.961388888888887
Plate2,23.961388888888887,C4,0.107,0.092,sample,0.38,T3,TOB,evolved,0.015,T-lines,2,24h,23.961388888888887
Plate2,23.961388888888887,C5,0.107,0.092,sample,1,T3,TOB,evolved,0.015,T-lines,2,24h,23.961388888888887
Plate2,23.961388888888887,C6,0.101,0.092,sample,3,T3,TOB,evolved,0.009000000000000008,T-lines,2,24h,23.961388888888887
Plate2,23.961388888888887,C7,0.099,0.092,sample,8,T3,TOB,evolved,0.007000000000000006,T-lines,2,24h,23.961388888888887
Plate2,23.961388888888887,C8,0.1,0.092,sample,16,T3,TOB,evolved,0.008000000000000007,T-lines,2,24h,23.961388888888887
Plate2,23.961388888888887,C9,0.098,0.092,sample,32,T3,TOB,evolved,0.006000000000000005,T-lines,2,24h,23.961388888888887
Plate2,23.961388888888887,C10,0.1,0.092,sample,64,T3,TOB,evolved,0.008000000000000007,T-lines,2,24h,23.961388888888887
Plate2,23.961388888888887,C11,0.103,0.092,sample,128,T3,TOB,evolved,0.010999999999999996,T-lines,2,24h,23.961388888888887
Plate2,23.961388888888887,C12,0.096,0.092,sample,256,T3,TOB,evolved,0.0040000000000000036,T-lines,2,24h,23.961388888888887
Plate2,23.961388888888887,D1,0.1,0.092,sample,0.016,T3,TOB,evolved,0.008000000000000007,T-lines,3,24h,23.961388888888887
Plate2,23.961388888888887,D2,0.1,0.092,sample,0.047,T3,TOB,evolved,0.008000000000000007,T-lines,3,24h,23.961388888888887
Plate2,23.961388888888887,D3,0.097,0.092,sample,0.125,T3,TOB,evolved,0.0050000000000000044,T-lines,3,24h,23.961388888888887
Plate2,23.961388888888887,D4,0.097,0.092,sample,0.38,T3,TOB,evolved,0.0050000000000000044,T-lines,3,24h,23.961388888888887
Plate2,23.961388888888887,D5,0.095,0.092,sample,1,T3,TOB,evolved,0.0030000000000000027,T-lines,3,24h,23.961388888888887
Plate2,23.961388888888887,D6,0.096,0.092,sample,3,T3,TOB,evolved,0.0040000000000000036,T-lines,3,24h,23.961388888888887
Plate2,23.961388888888887,D7,0.095,0.092,sample,8,T3,TOB,evolved,0.0030000000000000027,T-lines,3,24h,23.961388888888887
Plate2,23.961388888888887,D8,0.095,0.092,sample,16,T3,TOB,evolved,0.0030000000000000027,T-lines,3,24h,23.961388888888887
Plate2,23.961388888888887,D9,0.097,0.092,sample,32,T3,TOB,evolved,0.0050000000000000044,T-lines,3,24h,23.961388888888887
Plate2,23.961388888888887,D10,0.097,0.092,sample,64,T3,TOB,evolved,0.0050000000000000044,T-lines,3,24h,23.961388888888887
Plate2,23.961388888888887,D11,0.099,0.092,sample,128,T3,TOB,evolved,0.007000000000000006,T-lines,3,24h,23.961388888888887
Plate2,23.961388888888887,D12,0.094,0.092,sample,256,T3,TOB,evolved,0.0020000000000000018,T-lines,3,24h,23.961388888888887
Plate2,23.961388888888887,E1,0.344,0.092,sample,0.016,T3,TOB,ancestor,0.252,T-lines,1,24h,23.961388888888887
Plate2,23.961388888888887,E2,0.239,0.092,sample,0.047,T3,TOB,ancestor,0.147,T-lines,1,24h,23.961388888888887
Plate2,23.961388888888887,E3,0.147,0.092,sample,0.125,T3,TOB,ancestor,0.05499999999999999,T-lines,1,24h,23.961388888888887
Plate2,23.961388888888887,E4,0.099,0.092,sample,0.38,T3,TOB,ancestor,0.007000000000000006,T-lines,1,24h,23.961388888888887
Plate2,23.961388888888887,E5,0.097,0.092,sample,1,T3,TOB,ancestor,0.0050000000000000044,T-lines,1,24h,23.961388888888887
Plate2,23.961388888888887,E6,0.095,0.092,sample,3,T3,TOB,ancestor,0.0030000000000000027,T-lines,1,24h,23.961388888888887
Plate2,23.961388888888887,E7,0.095,0.092,sample,8,T3,TOB,ancestor,0.0030000000000000027,T-lines,1,24h,23.961388888888887
Plate2,23.961388888888887,E8,0.096,0.092,sample,16,T3,TOB,ancestor,0.0040000000000000036,T-lines,1,24h,23.961388888888887
Plate2,23.961388888888887,E9,0.097,0.092,sample,32,T3,TOB,ancestor,0.0050000000000000044,T-lines,1,24h,23.961388888888887
Plate2,23.961388888888887,E10,0.099,0.092,sample,64,T3,TOB,ancestor,0.007000000000000006,T-lines,1,24h,23.961388888888887
Plate2,23.961388888888887,E11,0.1,0.092,sample,128,T3,TOB,ancestor,0.008000000000000007,T-lines,1,24h,23.961388888888887
Plate2,23.961388888888887,E12,0.097,0.092,sample,256,T3,TOB,ancestor,0.0050000000000000044,T-lines,1,24h,23.961388888888887
Plate2,23.961388888888887,F1,0.379,0.092,sample,0.016,T3,TOB,ancestor,0.28700000000000003,T-lines,2,24h,23.961388888888887
Plate2,23.961388888888887,F2,0.249,0.092,sample,0.047,T3,TOB,ancestor,0.157,T-lines,2,24h,23.961388888888887
Plate2,23.961388888888887,F3,0.154,0.092,sample,0.125,T3,TOB,ancestor,0.062,T-lines,2,24h,23.961388888888887
Plate2,23.961388888888887,F4,0.099,0.092,sample,0.38,T3,TOB,ancestor,0.007000000000000006,T-lines,2,24h,23.961388888888887
Plate2,23.961388888888887,F5,0.098,0.092,sample,1,T3,TOB,ancestor,0.006000000000000005,T-lines,2,24h,23.961388888888887
Plate2,23.961388888888887,F6,0.097,0.092,sample,3,T3,TOB,ancestor,0.0050000000000000044,T-lines,2,24h,23.961388888888887
Plate2,23.961388888888887,F7,0.097,0.092,sample,8,T3,TOB,ancestor,0.0050000000000000044,T-lines,2,24h,23.961388888888887
Plate2,23.961388888888887,F8,0.097,0.092,sample,16,T3,TOB,ancestor,0.0050000000000000044,T-lines,2,24h,23.961388888888887
Plate2,23.961388888888887,F9,0.096,0.092,sample,32,T3,TOB,ancestor,0.0040000000000000036,T-lines,2,24h,23.961388888888887
Plate2,23.961388888888887,F10,0.098,0.092,sample,64,T3,TOB,ancestor,0.006000000000000005,T-lines,2,24h,23.961388888888887
Plate2,23.961388888888887,F11,0.097,0.092,sample,128,T3,TOB,ancestor,0.0050000000000000044,T-lines,2,24h,23.961388888888887
Plate2,23.961388888888887,F12,0.099,0.092,sample,256,T3,TOB,ancestor,0.007000000000000006,T-lines,2,24h,23.961388888888887
Plate2,23.961388888888887,G1,0.329,0.092,sample,0.016,T3,TOB,ancestor,0.23700000000000002,T-lines,3,24h,23.961388888888887
Plate2,23.961388888888887,G2,0.24,0.092,sample,0.047,T3,TOB,ancestor,0.148,T-lines,3,24h,23.961388888888887
Plate2,23.961388888888887,G3,0.159,0.092,sample,0.125,T3,TOB,ancestor,0.067,T-lines,3,24h,23.961388888888887
Plate2,23.961388888888887,G4,0.099,0.092,sample,0.38,T3,TOB,ancestor,0.007000000000000006,T-lines,3,24h,23.961388888888887
Plate2,23.961388888888887,G5,0.097,0.092,sample,1,T3,TOB,ancestor,0.0050000000000000044,T-lines,3,24h,23.961388888888887
Plate2,23.961388888888887,G6,0.094,0.092,sample,3,T3,TOB,ancestor,0.0020000000000000018,T-lines,3,24h,23.961388888888887
Plate2,23.961388888888887,G7,0.098,0.092,sample,8,T3,TOB,ancestor,0.006000000000000005,T-lines,3,24h,23.961388888888887
Plate2,23.961388888888887,G8,0.099,0.092,sample,16,T3,TOB,ancestor,0.007000000000000006,T-lines,3,24h,23.961388888888887
Plate2,23.961388888888887,G9,0.096,0.092,sample,32,T3,TOB,ancestor,0.0040000000000000036,T-lines,3,24h,23.961388888888887
Plate2,23.961388888888887,G10,0.097,0.092,sample,64,T3,TOB,ancestor,0.0050000000000000044,T-lines,3,24h,23.961388888888887
Plate2,23.961388888888887,G11,0.098,0.092,sample,128,T3,TOB,ancestor,0.006000000000000005,T-lines,3,24h,23.961388888888887
Plate2,23.961388888888887,G12,0.097,0.092,sample,256,T3,TOB,ancestor,0.0050000000000000044,T-lines,3,24h,23.961388888888887
Plate2,23.961388888888887,H1,0.152,0.092,empty,NA,NA,NA,NA,0.06,NA,NA,24h,23.961388888888887
Plate2,23.961388888888887,H2,0.152,0.092,empty,NA,NA,NA,NA,0.06,NA,NA,24h,23.961388888888887
Plate2,23.961388888888887,H3,0.153,0.092,empty,NA,NA,NA,NA,0.061,NA,NA,24h,23.961388888888887
Plate2,23.961388888888887,H4,0.089,0.092,empty,NA,NA,NA,NA,-0.0030000000000000027,NA,NA,24h,23.961388888888887
Plate2,23.961388888888887,H5,0.089,0.092,empty,NA,NA,NA,NA,-0.0030000000000000027,NA,NA,24h,23.961388888888887
Plate2,23.961388888888887,H6,0.089,0.092,empty,NA,NA,NA,NA,-0.0030000000000000027,NA,NA,24h,23.961388888888887
Plate2,23.961388888888887,H7,0.089,0.092,empty,NA,NA,NA,NA,-0.0030000000000000027,NA,NA,24h,23.961388888888887
Plate2,23.961388888888887,H8,0.091,0.092,empty,NA,NA,NA,NA,-0.0010000000000000009,NA,NA,24h,23.961388888888887
Plate2,23.961388888888887,H9,0.09,0.092,empty,NA,NA,NA,NA,-0.0020000000000000018,NA,NA,24h,23.961388888888887
Plate2,23.961388888888887,H10,0.09,0.092,empty,NA,NA,NA,NA,-0.0020000000000000018,NA,NA,24h,23.961388888888887
Plate2,23.961388888888887,H11,0.09,0.092,empty,NA,NA,NA,NA,-0.0020000000000000018,NA,NA,24h,23.961388888888887
Plate2,23.961388888888887,H12,0.089,0.092,empty,NA,NA,NA,NA,-0.0030000000000000027,NA,NA,24h,23.961388888888887
Plate1,47.96055555555556,A1,0.097,0.093,blank,NA,NA,NA,NA,0.0040000000000000036,NA,NA,48h,47.96055555555556
Plate1,47.96055555555556,A2,0.091,0.093,blank,NA,NA,NA,NA,-0.0020000000000000018,NA,NA,48h,47.96055555555556
Plate1,47.96055555555556,A3,0.091,0.093,blank,NA,NA,NA,NA,-0.0020000000000000018,NA,NA,48h,47.96055555555556
Plate1,47.96055555555556,A4,0.094,0.093,empty,NA,NA,NA,NA,0.0010000000000000009,NA,NA,48h,47.96055555555556
Plate1,47.96055555555556,A5,0.092,0.093,empty,NA,NA,NA,NA,-0.0010000000000000009,NA,NA,48h,47.96055555555556
Plate1,47.96055555555556,A6,0.405,0.093,sample,0,T2,TOB,evolved,0.31200000000000006,T-lines,1,48h,47.96055555555556
Plate1,47.96055555555556,A7,0.418,0.093,sample,0,T2,TOB,evolved,0.32499999999999996,T-lines,2,48h,47.96055555555556
Plate1,47.96055555555556,A8,0.42,0.093,sample,0,T2,TOB,evolved,0.32699999999999996,T-lines,3,48h,47.96055555555556
Plate1,47.96055555555556,A9,0.091,0.093,empty,NA,NA,NA,NA,-0.0020000000000000018,NA,NA,48h,47.96055555555556
Plate1,47.96055555555556,A10,0.822,0.093,sample,0,T2,TOB,ancestor,0.729,T-lines,1,48h,47.96055555555556
Plate1,47.96055555555556,A11,0.834,0.093,sample,0,T2,TOB,ancestor,0.741,T-lines,2,48h,47.96055555555556
Plate1,47.96055555555556,A12,0.836,0.093,sample,0,T2,TOB,ancestor,0.743,T-lines,3,48h,47.96055555555556
Plate1,47.96055555555556,B1,0.383,0.093,sample,0.016,T2,TOB,evolved,0.29000000000000004,T-lines,1,48h,47.96055555555556
Plate1,47.96055555555556,B2,0.294,0.093,sample,0.047,T2,TOB,evolved,0.20099999999999998,T-lines,1,48h,47.96055555555556
Plate1,47.96055555555556,B3,0.226,0.093,sample,0.125,T2,TOB,evolved,0.133,T-lines,1,48h,47.96055555555556
Plate1,47.96055555555556,B4,0.211,0.093,sample,0.38,T2,TOB,evolved,0.118,T-lines,1,48h,47.96055555555556
Plate1,47.96055555555556,B5,0.173,0.093,sample,1,T2,TOB,evolved,0.07999999999999999,T-lines,1,48h,47.96055555555556
Plate1,47.96055555555556,B6,0.097,0.093,sample,3,T2,TOB,evolved,0.0040000000000000036,T-lines,1,48h,47.96055555555556
Plate1,47.96055555555556,B7,0.094,0.093,sample,8,T2,TOB,evolved,0.0010000000000000009,T-lines,1,48h,47.96055555555556
Plate1,47.96055555555556,B8,0.095,0.093,sample,16,T2,TOB,evolved,0.0020000000000000018,T-lines,1,48h,47.96055555555556
Plate1,47.96055555555556,B9,0.094,0.093,sample,32,T2,TOB,evolved,0.0010000000000000009,T-lines,1,48h,47.96055555555556
Plate1,47.96055555555556,B10,0.099,0.093,sample,64,T2,TOB,evolved,0.006000000000000005,T-lines,1,48h,47.96055555555556
Plate1,47.96055555555556,B11,0.108,0.093,sample,128,T2,TOB,evolved,0.015,T-lines,1,48h,47.96055555555556
Plate1,47.96055555555556,B12,0.097,0.093,sample,256,T2,TOB,evolved,0.0040000000000000036,T-lines,1,48h,47.96055555555556
Plate1,47.96055555555556,C1,0.369,0.093,sample,0.016,T2,TOB,evolved,0.276,T-lines,2,48h,47.96055555555556
Plate1,47.96055555555556,C2,0.269,0.093,sample,0.047,T2,TOB,evolved,0.17600000000000002,T-lines,2,48h,47.96055555555556
Plate1,47.96055555555556,C3,0.191,0.093,sample,0.125,T2,TOB,evolved,0.098,T-lines,2,48h,47.96055555555556
Plate1,47.96055555555556,C4,0.187,0.093,sample,0.38,T2,TOB,evolved,0.094,T-lines,2,48h,47.96055555555556
Plate1,47.96055555555556,C5,0.171,0.093,sample,1,T2,TOB,evolved,0.07800000000000001,T-lines,2,48h,47.96055555555556
Plate1,47.96055555555556,C6,0.097,0.093,sample,3,T2,TOB,evolved,0.0040000000000000036,T-lines,2,48h,47.96055555555556
Plate1,47.96055555555556,C7,0.096,0.093,sample,8,T2,TOB,evolved,0.0030000000000000027,T-lines,2,48h,47.96055555555556
Plate1,47.96055555555556,C8,0.095,0.093,sample,16,T2,TOB,evolved,0.0020000000000000018,T-lines,2,48h,47.96055555555556
Plate1,47.96055555555556,C9,0.095,0.093,sample,32,T2,TOB,evolved,0.0020000000000000018,T-lines,2,48h,47.96055555555556
Plate1,47.96055555555556,C10,0.097,0.093,sample,64,T2,TOB,evolved,0.0040000000000000036,T-lines,2,48h,47.96055555555556
Plate1,47.96055555555556,C11,0.094,0.093,sample,128,T2,TOB,evolved,0.0010000000000000009,T-lines,2,48h,47.96055555555556
Plate1,47.96055555555556,C12,0.096,0.093,sample,256,T2,TOB,evolved,0.0030000000000000027,T-lines,2,48h,47.96055555555556
Plate1,47.96055555555556,D1,0.389,0.093,sample,0.016,T2,TOB,evolved,0.29600000000000004,T-lines,3,48h,47.96055555555556
Plate1,47.96055555555556,D2,0.294,0.093,sample,0.047,T2,TOB,evolved,0.20099999999999998,T-lines,3,48h,47.96055555555556
Plate1,47.96055555555556,D3,0.225,0.093,sample,0.125,T2,TOB,evolved,0.132,T-lines,3,48h,47.96055555555556
Plate1,47.96055555555556,D4,0.204,0.093,sample,0.38,T2,TOB,evolved,0.11099999999999999,T-lines,3,48h,47.96055555555556
Plate1,47.96055555555556,D5,0.166,0.093,sample,1,T2,TOB,evolved,0.07300000000000001,T-lines,3,48h,47.96055555555556
Plate1,47.96055555555556,D6,0.095,0.093,sample,3,T2,TOB,evolved,0.0020000000000000018,T-lines,3,48h,47.96055555555556
Plate1,47.96055555555556,D7,0.095,0.093,sample,8,T2,TOB,evolved,0.0020000000000000018,T-lines,3,48h,47.96055555555556
Plate1,47.96055555555556,D8,0.097,0.093,sample,16,T2,TOB,evolved,0.0040000000000000036,T-lines,3,48h,47.96055555555556
Plate1,47.96055555555556,D9,0.097,0.093,sample,32,T2,TOB,evolved,0.0040000000000000036,T-lines,3,48h,47.96055555555556
Plate1,47.96055555555556,D10,0.097,0.093,sample,64,T2,TOB,evolved,0.0040000000000000036,T-lines,3,48h,47.96055555555556
Plate1,47.96055555555556,D11,0.097,0.093,sample,128,T2,TOB,evolved,0.0040000000000000036,T-lines,3,48h,47.96055555555556
Plate1,47.96055555555556,D12,0.096,0.093,sample,256,T2,TOB,evolved,0.0030000000000000027,T-lines,3,48h,47.96055555555556
Plate1,47.96055555555556,E1,0.848,0.093,sample,0.016,T2,TOB,ancestor,0.755,T-lines,1,48h,47.96055555555556
Plate1,47.96055555555556,E2,0.703,0.093,sample,0.047,T2,TOB,ancestor,0.61,T-lines,1,48h,47.96055555555556
Plate1,47.96055555555556,E3,0.294,0.093,sample,0.125,T2,TOB,ancestor,0.20099999999999998,T-lines,1,48h,47.96055555555556
Plate1,47.96055555555556,E4,0.096,0.093,sample,0.38,T2,TOB,ancestor,0.0030000000000000027,T-lines,1,48h,47.96055555555556
Plate1,47.96055555555556,E5,0.095,0.093,sample,1,T2,TOB,ancestor,0.0020000000000000018,T-lines,1,48h,47.96055555555556
Plate1,47.96055555555556,E6,0.093,0.093,sample,3,T2,TOB,ancestor,0,T-lines,1,48h,47.96055555555556
Plate1,47.96055555555556,E7,0.094,0.093,sample,8,T2,TOB,ancestor,0.0010000000000000009,T-lines,1,48h,47.96055555555556
Plate1,47.96055555555556,E8,0.095,0.093,sample,16,T2,TOB,ancestor,0.0020000000000000018,T-lines,1,48h,47.96055555555556
Plate1,47.96055555555556,E9,0.095,0.093,sample,32,T2,TOB,ancestor,0.0020000000000000018,T-lines,1,48h,47.96055555555556
Plate1,47.96055555555556,E10,0.095,0.093,sample,64,T2,TOB,ancestor,0.0020000000000000018,T-lines,1,48h,47.96055555555556
Plate1,47.96055555555556,E11,0.096,0.093,sample,128,T2,TOB,ancestor,0.0030000000000000027,T-lines,1,48h,47.96055555555556
Plate1,47.96055555555556,E12,0.097,0.093,sample,256,T2,TOB,ancestor,0.0040000000000000036,T-lines,1,48h,47.96055555555556
Plate1,47.96055555555556,F1,0.816,0.093,sample,0.016,T2,TOB,ancestor,0.723,T-lines,2,48h,47.96055555555556
Plate1,47.96055555555556,F2,0.689,0.093,sample,0.047,T2,TOB,ancestor,0.596,T-lines,2,48h,47.96055555555556
Plate1,47.96055555555556,F3,0.332,0.093,sample,0.125,T2,TOB,ancestor,0.23900000000000002,T-lines,2,48h,47.96055555555556
Plate1,47.96055555555556,F4,0.097,0.093,sample,0.38,T2,TOB,ancestor,0.0040000000000000036,T-lines,2,48h,47.96055555555556
Plate1,47.96055555555556,F5,0.095,0.093,sample,1,T2,TOB,ancestor,0.0020000000000000018,T-lines,2,48h,47.96055555555556
Plate1,47.96055555555556,F6,0.096,0.093,sample,3,T2,TOB,ancestor,0.0030000000000000027,T-lines,2,48h,47.96055555555556
Plate1,47.96055555555556,F7,0.095,0.093,sample,8,T2,TOB,ancestor,0.0020000000000000018,T-lines,2,48h,47.96055555555556
Plate1,47.96055555555556,F8,0.095,0.093,sample,16,T2,TOB,ancestor,0.0020000000000000018,T-lines,2,48h,47.96055555555556
Plate1,47.96055555555556,F9,0.095,0.093,sample,32,T2,TOB,ancestor,0.0020000000000000018,T-lines,2,48h,47.96055555555556
Plate1,47.96055555555556,F10,0.096,0.093,sample,64,T2,TOB,ancestor,0.0030000000000000027,T-lines,2,48h,47.96055555555556
Plate1,47.96055555555556,F11,0.096,0.093,sample,128,T2,TOB,ancestor,0.0030000000000000027,T-lines,2,48h,47.96055555555556
Plate1,47.96055555555556,F12,0.098,0.093,sample,256,T2,TOB,ancestor,0.0050000000000000044,T-lines,2,48h,47.96055555555556
Plate1,47.96055555555556,G1,0.859,0.093,sample,0.016,T2,TOB,ancestor,0.766,T-lines,3,48h,47.96055555555556
Plate1,47.96055555555556,G2,0.739,0.093,sample,0.047,T2,TOB,ancestor,0.646,T-lines,3,48h,47.96055555555556
Plate1,47.96055555555556,G3,0.409,0.093,sample,0.125,T2,TOB,ancestor,0.31599999999999995,T-lines,3,48h,47.96055555555556
Plate1,47.96055555555556,G4,0.098,0.093,sample,0.38,T2,TOB,ancestor,0.0050000000000000044,T-lines,3,48h,47.96055555555556
Plate1,47.96055555555556,G5,0.096,0.093,sample,1,T2,TOB,ancestor,0.0030000000000000027,T-lines,3,48h,47.96055555555556
Plate1,47.96055555555556,G6,0.094,0.093,sample,3,T2,TOB,ancestor,0.0010000000000000009,T-lines,3,48h,47.96055555555556
Plate1,47.96055555555556,G7,0.096,0.093,sample,8,T2,TOB,ancestor,0.0030000000000000027,T-lines,3,48h,47.96055555555556
Plate1,47.96055555555556,G8,0.096,0.093,sample,16,T2,TOB,ancestor,0.0030000000000000027,T-lines,3,48h,47.96055555555556
Plate1,47.96055555555556,G9,0.096,0.093,sample,32,T2,TOB,ancestor,0.0030000000000000027,T-lines,3,48h,47.96055555555556
Plate1,47.96055555555556,G10,0.097,0.093,sample,64,T2,TOB,ancestor,0.0040000000000000036,T-lines,3,48h,47.96055555555556
Plate1,47.96055555555556,G11,0.095,0.093,sample,128,T2,TOB,ancestor,0.0020000000000000018,T-lines,3,48h,47.96055555555556
Plate1,47.96055555555556,G12,0.096,0.093,sample,256,T2,TOB,ancestor,0.0030000000000000027,T-lines,3,48h,47.96055555555556
Plate1,47.96055555555556,H1,0.089,0.093,empty,NA,NA,NA,NA,-0.0040000000000000036,NA,NA,48h,47.96055555555556
Plate1,47.96055555555556,H2,0.089,0.093,empty,NA,NA,NA,NA,-0.0040000000000000036,NA,NA,48h,47.96055555555556
Plate1,47.96055555555556,H3,0.09,0.093,empty,NA,NA,NA,NA,-0.0030000000000000027,NA,NA,48h,47.96055555555556
Plate1,47.96055555555556,H4,0.089,0.093,empty,NA,NA,NA,NA,-0.0040000000000000036,NA,NA,48h,47.96055555555556
Plate1,47.96055555555556,H5,0.089,0.093,empty,NA,NA,NA,NA,-0.0040000000000000036,NA,NA,48h,47.96055555555556
Plate1,47.96055555555556,H6,0.089,0.093,empty,NA,NA,NA,NA,-0.0040000000000000036,NA,NA,48h,47.96055555555556
Plate1,47.96055555555556,H7,0.09,0.093,empty,NA,NA,NA,NA,-0.0030000000000000027,NA,NA,48h,47.96055555555556
Plate1,47.96055555555556,H8,0.091,0.093,empty,NA,NA,NA,NA,-0.0020000000000000018,NA,NA,48h,47.96055555555556
Plate1,47.96055555555556,H9,0.09,0.093,empty,NA,NA,NA,NA,-0.0030000000000000027,NA,NA,48h,47.96055555555556
Plate1,47.96055555555556,H10,0.09,0.093,empty,NA,NA,NA,NA,-0.0030000000000000027,NA,NA,48h,47.96055555555556
Plate1,47.96055555555556,H11,0.089,0.093,empty,NA,NA,NA,NA,-0.0040000000000000036,NA,NA,48h,47.96055555555556
Plate1,47.96055555555556,H12,0.089,0.093,empty,NA,NA,NA,NA,-0.0040000000000000036,NA,NA,48h,47.96055555555556
Plate2,47.96138888888889,A1,0.091,0.09066666666666666,blank,NA,NA,NA,NA,3.3333333333333826e-4,NA,NA,48h,47.96138888888889
Plate2,47.96138888888889,A2,0.09,0.09066666666666666,blank,NA,NA,NA,NA,-6.666666666666626e-4,NA,NA,48h,47.96138888888889
Plate2,47.96138888888889,A3,0.091,0.09066666666666666,blank,NA,NA,NA,NA,3.3333333333333826e-4,NA,NA,48h,47.96138888888889
Plate2,47.96138888888889,A4,0.093,0.09066666666666666,empty,NA,NA,NA,NA,0.00233333333333334,NA,NA,48h,47.96138888888889
Plate2,47.96138888888889,A5,0.091,0.09066666666666666,empty,NA,NA,NA,NA,3.3333333333333826e-4,NA,NA,48h,47.96138888888889
Plate2,47.96138888888889,A6,0.178,0.09066666666666666,sample,0,T3,TOB,evolved,0.08733333333333333,T-lines,1,48h,47.96138888888889
Plate2,47.96138888888889,A7,0.191,0.09066666666666666,sample,0,T3,TOB,evolved,0.10033333333333334,T-lines,2,48h,47.96138888888889
Plate2,47.96138888888889,A8,0.184,0.09066666666666666,sample,0,T3,TOB,evolved,0.09333333333333334,T-lines,3,48h,47.96138888888889
Plate2,47.96138888888889,A9,0.092,0.09066666666666666,empty,NA,NA,NA,NA,0.0013333333333333391,NA,NA,48h,47.96138888888889
Plate2,47.96138888888889,A10,0.858,0.09066666666666666,sample,0,T3,TOB,ancestor,0.7673333333333333,T-lines,1,48h,47.96138888888889
Plate2,47.96138888888889,A11,0.854,0.09066666666666666,sample,0,T3,TOB,ancestor,0.7633333333333333,T-lines,2,48h,47.96138888888889
Plate2,47.96138888888889,A12,0.866,0.09066666666666666,sample,0,T3,TOB,ancestor,0.7753333333333333,T-lines,3,48h,47.96138888888889
Plate2,47.96138888888889,B1,0.197,0.09066666666666666,sample,0.016,T3,TOB,evolved,0.10633333333333335,T-lines,1,48h,47.96138888888889
Plate2,47.96138888888889,B2,0.197,0.09066666666666666,sample,0.047,T3,TOB,evolved,0.10633333333333335,T-lines,1,48h,47.96138888888889
Plate2,47.96138888888889,B3,0.17,0.09066666666666666,sample,0.125,T3,TOB,evolved,0.07933333333333335,T-lines,1,48h,47.96138888888889
Plate2,47.96138888888889,B4,0.15,0.09066666666666666,sample,0.38,T3,TOB,evolved,0.059333333333333335,T-lines,1,48h,47.96138888888889
Plate2,47.96138888888889,B5,0.115,0.09066666666666666,sample,1,T3,TOB,evolved,0.024333333333333346,T-lines,1,48h,47.96138888888889
Plate2,47.96138888888889,B6,0.102,0.09066666666666666,sample,3,T3,TOB,evolved,0.011333333333333334,T-lines,1,48h,47.96138888888889
Plate2,47.96138888888889,B7,0.101,0.09066666666666666,sample,8,T3,TOB,evolved,0.010333333333333347,T-lines,1,48h,47.96138888888889
Plate2,47.96138888888889,B8,0.101,0.09066666666666666,sample,16,T3,TOB,evolved,0.010333333333333347,T-lines,1,48h,47.96138888888889
Plate2,47.96138888888889,B9,0.1,0.09066666666666666,sample,32,T3,TOB,evolved,0.009333333333333346,T-lines,1,48h,47.96138888888889
Plate2,47.96138888888889,B10,0.107,0.09066666666666666,sample,64,T3,TOB,evolved,0.01633333333333334,T-lines,1,48h,47.96138888888889
Plate2,47.96138888888889,B11,0.107,0.09066666666666666,sample,128,T3,TOB,evolved,0.01633333333333334,T-lines,1,48h,47.96138888888889
Plate2,47.96138888888889,B12,0.096,0.09066666666666666,sample,256,T3,TOB,evolved,0.005333333333333343,T-lines,1,48h,47.96138888888889
Plate2,47.96138888888889,C1,0.177,0.09066666666666666,sample,0.016,T3,TOB,evolved,0.08633333333333333,T-lines,2,48h,47.96138888888889
Plate2,47.96138888888889,C2,0.161,0.09066666666666666,sample,0.047,T3,TOB,evolved,0.07033333333333334,T-lines,2,48h,47.96138888888889
Plate2,47.96138888888889,C3,0.157,0.09066666666666666,sample,0.125,T3,TOB,evolved,0.06633333333333334,T-lines,2,48h,47.96138888888889
Plate2,47.96138888888889,C4,0.149,0.09066666666666666,sample,0.38,T3,TOB,evolved,0.058333333333333334,T-lines,2,48h,47.96138888888889
Plate2,47.96138888888889,C5,0.11,0.09066666666666666,sample,1,T3,TOB,evolved,0.01933333333333334,T-lines,2,48h,47.96138888888889
Plate2,47.96138888888889,C6,0.095,0.09066666666666666,sample,3,T3,TOB,evolved,0.004333333333333342,T-lines,2,48h,47.96138888888889
Plate2,47.96138888888889,C7,0.094,0.09066666666666666,sample,8,T3,TOB,evolved,0.003333333333333341,T-lines,2,48h,47.96138888888889
Plate2,47.96138888888889,C8,0.097,0.09066666666666666,sample,16,T3,TOB,evolved,0.006333333333333344,T-lines,2,48h,47.96138888888889
Plate2,47.96138888888889,C9,0.095,0.09066666666666666,sample,32,T3,TOB,evolved,0.004333333333333342,T-lines,2,48h,47.96138888888889
Plate2,47.96138888888889,C10,0.095,0.09066666666666666,sample,64,T3,TOB,evolved,0.004333333333333342,T-lines,2,48h,47.96138888888889
Plate2,47.96138888888889,C11,0.099,0.09066666666666666,sample,128,T3,TOB,evolved,0.008333333333333345,T-lines,2,48h,47.96138888888889
Plate2,47.96138888888889,C12,0.095,0.09066666666666666,sample,256,T3,TOB,evolved,0.004333333333333342,T-lines,2,48h,47.96138888888889
Plate2,47.96138888888889,D1,0.178,0.09066666666666666,sample,0.016,T3,TOB,evolved,0.08733333333333333,T-lines,3,48h,47.96138888888889
Plate2,47.96138888888889,D2,0.171,0.09066666666666666,sample,0.047,T3,TOB,evolved,0.08033333333333335,T-lines,3,48h,47.96138888888889
Plate2,47.96138888888889,D3,0.147,0.09066666666666666,sample,0.125,T3,TOB,evolved,0.05633333333333333,T-lines,3,48h,47.96138888888889
Plate2,47.96138888888889,D4,0.143,0.09066666666666666,sample,0.38,T3,TOB,evolved,0.05233333333333333,T-lines,3,48h,47.96138888888889
Plate2,47.96138888888889,D5,0.101,0.09066666666666666,sample,1,T3,TOB,evolved,0.010333333333333347,T-lines,3,48h,47.96138888888889
Plate2,47.96138888888889,D6,0.095,0.09066666666666666,sample,3,T3,TOB,evolved,0.004333333333333342,T-lines,3,48h,47.96138888888889
Plate2,47.96138888888889,D7,0.094,0.09066666666666666,sample,8,T3,TOB,evolved,0.003333333333333341,T-lines,3,48h,47.96138888888889
Plate2,47.96138888888889,D8,0.095,0.09066666666666666,sample,16,T3,TOB,evolved,0.004333333333333342,T-lines,3,48h,47.96138888888889
Plate2,47.96138888888889,D9,0.096,0.09066666666666666,sample,32,T3,TOB,evolved,0.005333333333333343,T-lines,3,48h,47.96138888888889
Plate2,47.96138888888889,D10,0.096,0.09066666666666666,sample,64,T3,TOB,evolved,0.005333333333333343,T-lines,3,48h,47.96138888888889
Plate2,47.96138888888889,D11,0.095,0.09066666666666666,sample,128,T3,TOB,evolved,0.004333333333333342,T-lines,3,48h,47.96138888888889
Plate2,47.96138888888889,D12,0.094,0.09066666666666666,sample,256,T3,TOB,evolved,0.003333333333333341,T-lines,3,48h,47.96138888888889
Plate2,47.96138888888889,E1,0.828,0.09066666666666666,sample,0.016,T3,TOB,ancestor,0.7373333333333333,T-lines,1,48h,47.96138888888889
Plate2,47.96138888888889,E2,0.714,0.09066666666666666,sample,0.047,T3,TOB,ancestor,0.6233333333333333,T-lines,1,48h,47.96138888888889
Plate2,47.96138888888889,E3,0.431,0.09066666666666666,sample,0.125,T3,TOB,ancestor,0.3403333333333333,T-lines,1,48h,47.96138888888889
Plate2,47.96138888888889,E4,0.098,0.09066666666666666,sample,0.38,T3,TOB,ancestor,0.0073333333333333445,T-lines,1,48h,47.96138888888889
Plate2,47.96138888888889,E5,0.096,0.09066666666666666,sample,1,T3,TOB,ancestor,0.005333333333333343,T-lines,1,48h,47.96138888888889
Plate2,47.96138888888889,E6,0.095,0.09066666666666666,sample,3,T3,TOB,ancestor,0.004333333333333342,T-lines,1,48h,47.96138888888889
Plate2,47.96138888888889,E7,0.094,0.09066666666666666,sample,8,T3,TOB,ancestor,0.003333333333333341,T-lines,1,48h,47.96138888888889
Plate2,47.96138888888889,E8,0.095,0.09066666666666666,sample,16,T3,TOB,ancestor,0.004333333333333342,T-lines,1,48h,47.96138888888889
Plate2,47.96138888888889,E9,0.096,0.09066666666666666,sample,32,T3,TOB,ancestor,0.005333333333333343,T-lines,1,48h,47.96138888888889
Plate2,47.96138888888889,E10,0.098,0.09066666666666666,sample,64,T3,TOB,ancestor,0.0073333333333333445,T-lines,1,48h,47.96138888888889
Plate2,47.96138888888889,E11,0.099,0.09066666666666666,sample,128,T3,TOB,ancestor,0.008333333333333345,T-lines,1,48h,47.96138888888889
Plate2,47.96138888888889,E12,0.096,0.09066666666666666,sample,256,T3,TOB,ancestor,0.005333333333333343,T-lines,1,48h,47.96138888888889
Plate2,47.96138888888889,F1,0.834,0.09066666666666666,sample,0.016,T3,TOB,ancestor,0.7433333333333333,T-lines,2,48h,47.96138888888889
Plate2,47.96138888888889,F2,0.727,0.09066666666666666,sample,0.047,T3,TOB,ancestor,0.6363333333333333,T-lines,2,48h,47.96138888888889
Plate2,47.96138888888889,F3,0.457,0.09066666666666666,sample,0.125,T3,TOB,ancestor,0.36633333333333334,T-lines,2,48h,47.96138888888889
Plate2,47.96138888888889,F4,0.098,0.09066666666666666,sample,0.38,T3,TOB,ancestor,0.0073333333333333445,T-lines,2,48h,47.96138888888889
Plate2,47.96138888888889,F5,0.097,0.09066666666666666,sample,1,T3,TOB,ancestor,0.006333333333333344,T-lines,2,48h,47.96138888888889
Plate2,47.96138888888889,F6,0.096,0.09066666666666666,sample,3,T3,TOB,ancestor,0.005333333333333343,T-lines,2,48h,47.96138888888889
Plate2,47.96138888888889,F7,0.096,0.09066666666666666,sample,8,T3,TOB,ancestor,0.005333333333333343,T-lines,2,48h,47.96138888888889
Plate2,47.96138888888889,F8,0.096,0.09066666666666666,sample,16,T3,TOB,ancestor,0.005333333333333343,T-lines,2,48h,47.96138888888889
Plate2,47.96138888888889,F9,0.096,0.09066666666666666,sample,32,T3,TOB,ancestor,0.005333333333333343,T-lines,2,48h,47.96138888888889
Plate2,47.96138888888889,F10,0.097,0.09066666666666666,sample,64,T3,TOB,ancestor,0.006333333333333344,T-lines,2,48h,47.96138888888889
Plate2,47.96138888888889,F11,0.097,0.09066666666666666,sample,128,T3,TOB,ancestor,0.006333333333333344,T-lines,2,48h,47.96138888888889
Plate2,47.96138888888889,F12,0.098,0.09066666666666666,sample,256,T3,TOB,ancestor,0.0073333333333333445,T-lines,2,48h,47.96138888888889
Plate2,47.96138888888889,G1,0.822,0.09066666666666666,sample,0.016,T3,TOB,ancestor,0.7313333333333333,T-lines,3,48h,47.96138888888889
Plate2,47.96138888888889,G2,0.731,0.09066666666666666,sample,0.047,T3,TOB,ancestor,0.6403333333333333,T-lines,3,48h,47.96138888888889
Plate2,47.96138888888889,G3,0.462,0.09066666666666666,sample,0.125,T3,TOB,ancestor,0.37133333333333335,T-lines,3,48h,47.96138888888889
Plate2,47.96138888888889,G4,0.098,0.09066666666666666,sample,0.38,T3,TOB,ancestor,0.0073333333333333445,T-lines,3,48h,47.96138888888889
Plate2,47.96138888888889,G5,0.097,0.09066666666666666,sample,1,T3,TOB,ancestor,0.006333333333333344,T-lines,3,48h,47.96138888888889
Plate2,47.96138888888889,G6,0.094,0.09066666666666666,sample,3,T3,TOB,ancestor,0.003333333333333341,T-lines,3,48h,47.96138888888889
Plate2,47.96138888888889,G7,0.097,0.09066666666666666,sample,8,T3,TOB,ancestor,0.006333333333333344,T-lines,3,48h,47.96138888888889
Plate2,47.96138888888889,G8,0.098,0.09066666666666666,sample,16,T3,TOB,ancestor,0.0073333333333333445,T-lines,3,48h,47.96138888888889
Plate2,47.96138888888889,G9,0.095,0.09066666666666666,sample,32,T3,TOB,ancestor,0.004333333333333342,T-lines,3,48h,47.96138888888889
Plate2,47.96138888888889,G10,0.096,0.09066666666666666,sample,64,T3,TOB,ancestor,0.005333333333333343,T-lines,3,48h,47.96138888888889
Plate2,47.96138888888889,G11,0.097,0.09066666666666666,sample,128,T3,TOB,ancestor,0.006333333333333344,T-lines,3,48h,47.96138888888889
Plate2,47.96138888888889,G12,0.097,0.09066666666666666,sample,256,T3,TOB,ancestor,0.006333333333333344,T-lines,3,48h,47.96138888888889
Plate2,47.96138888888889,H1,0.396,0.09066666666666666,empty,NA,NA,NA,NA,0.30533333333333335,NA,NA,48h,47.96138888888889
Plate2,47.96138888888889,H2,0.389,0.09066666666666666,empty,NA,NA,NA,NA,0.29833333333333334,NA,NA,48h,47.96138888888889
Plate2,47.96138888888889,H3,0.392,0.09066666666666666,empty,NA,NA,NA,NA,0.30133333333333334,NA,NA,48h,47.96138888888889
Plate2,47.96138888888889,H4,0.089,0.09066666666666666,empty,NA,NA,NA,NA,-0.0016666666666666635,NA,NA,48h,47.96138888888889
Plate2,47.96138888888889,H5,0.089,0.09066666666666666,empty,NA,NA,NA,NA,-0.0016666666666666635,NA,NA,48h,47.96138888888889
Plate2,47.96138888888889,H6,0.089,0.09066666666666666,empty,NA,NA,NA,NA,-0.0016666666666666635,NA,NA,48h,47.96138888888889
Plate2,47.96138888888889,H7,0.089,0.09066666666666666,empty,NA,NA,NA,NA,-0.0016666666666666635,NA,NA,48h,47.96138888888889
Plate2,47.96138888888889,H8,0.091,0.09066666666666666,empty,NA,NA,NA,NA,3.3333333333333826e-4,NA,NA,48h,47.96138888888889
Plate2,47.96138888888889,H9,0.09,0.09066666666666666,empty,NA,NA,NA,NA,-6.666666666666626e-4,NA,NA,48h,47.96138888888889
Plate2,47.96138888888889,H10,0.09,0.09066666666666666,empty,NA,NA,NA,NA,-6.666666666666626e-4,NA,NA,48h,47.96138888888889
Plate2,47.96138888888889,H11,0.09,0.09066666666666666,empty,NA,NA,NA,NA,-6.666666666666626e-4,NA,NA,48h,47.96138888888889
Plate2,47.96138888888889,H12,0.089,0.09066666666666666,empty,NA,NA,NA,NA,-0.0016666666666666635,NA,NA,48h,47.96138888888889
