Well,Type,Concentration,Sample,Antibiotic,OD_t0,OD_t16,OD_t24,Plate,Experiment,OD_t0_blanked,OD_t16_blanked,OD_t24_blanked,growth_16h,growth_24h,well_type
A1,blank,NA,NA,MRP,0.087,0.088,0.088,Plate1,Exp1,-0.003333333333333341,-0.00233333333333334,-0.0010000000000000009,0.0010000000000000009,0.00233333333333334,blank
A2,blank,NA,NA,MRP,0.093,0.093,0.091,Plate1,Exp1,0.0026666666666666644,0.0026666666666666644,0.0020000000000000018,0,-6.666666666666626e-4,blank
A3,blank,NA,NA,MRP,0.091,0.09,0.088,Plate1,Exp1,6.666666666666626e-4,-3.3333333333333826e-4,-0.0010000000000000009,-0.0010000000000000009,-0.0016666666666666635,blank
A4,empty,NA,NA,MRP,0.094,0.094,0.091,Plate1,Exp1,0.0036666666666666653,0.0036666666666666653,0.0020000000000000018,0,-0.0016666666666666635,empty
A5,empty,NA,NA,MRP,0.095,0.094,0.089,Plate1,Exp1,0.004666666666666666,0.0036666666666666653,0,-0.0010000000000000009,-0.004666666666666666,empty
A6,sample,0,M1,MRP,0.095,0.28,0.421,Plate1,Exp1,0.004666666666666666,0.1896666666666667,0.33199999999999996,0.18500000000000005,0.3273333333333333,growth_control
A7,sample,0,M1,MRP,0.093,0.258,0.393,Plate1,Exp1,0.0026666666666666644,0.16766666666666669,0.30400000000000005,0.16500000000000004,0.3013333333333334,growth_control
A8,sample,0,M1,MRP,0.091,0.267,0.399,Plate1,Exp1,6.666666666666626e-4,0.1766666666666667,0.31000000000000005,0.17600000000000005,0.3093333333333334,growth_control
A9,empty,NA,NA,MRP,0.093,0.093,0.092,Plate1,Exp1,0.0026666666666666644,0.0026666666666666644,0.0030000000000000027,0,3.3333333333333826e-4,empty
A10,sample,0,M2,MRP,0.093,0.295,0.396,Plate1,Exp1,0.0026666666666666644,0.20466666666666666,0.30700000000000005,0.202,0.3043333333333334,growth_control
A11,sample,0,M2,MRP,0.093,0.293,0.387,Plate1,Exp1,0.0026666666666666644,0.20266666666666666,0.29800000000000004,0.2,0.2953333333333334,growth_control
A12,sample,0,M2,MRP,0.092,0.264,0.374,Plate1,Exp1,0.0016666666666666635,0.1736666666666667,0.28500000000000003,0.17200000000000004,0.2833333333333334,growth_control
B1,sample,0.002,NA1,MRP,0.09,0.349,0.486,Plate1,Exp1,-3.3333333333333826e-4,0.25866666666666666,0.397,0.259,0.39733333333333337,treatment
B2,sample,0.006,NA1,MRP,0.089,0.571,0.576,Plate1,Exp1,-0.0013333333333333391,0.48066666666666663,0.487,0.482,0.48833333333333334,treatment
B3,sample,0.016,NA1,MRP,0.09,0.203,0.264,Plate1,Exp1,-3.3333333333333826e-4,0.11266666666666668,0.17500000000000002,0.11300000000000002,0.17533333333333334,treatment
B4,sample,0.047,NA1,MRP,0.091,0.091,0.1,Plate1,Exp1,6.666666666666626e-4,6.666666666666626e-4,0.01100000000000001,0,0.010333333333333347,treatment
B5,sample,0.125,NA1,MRP,0.096,0.091,0.099,Plate1,Exp1,0.005666666666666667,6.666666666666626e-4,0.010000000000000009,-0.0050000000000000044,0.004333333333333342,treatment
B6,sample,0.38,NA1,MRP,0.092,0.092,0.101,Plate1,Exp1,0.0016666666666666635,0.0016666666666666635,0.01200000000000001,0,0.010333333333333347,treatment
B7,sample,1,NA1,MRP,0.091,0.091,0.092,Plate1,Exp1,6.666666666666626e-4,6.666666666666626e-4,0.0030000000000000027,0,0.00233333333333334,treatment
B8,sample,2,NA1,MRP,0.091,0.09,0.09,Plate1,Exp1,6.666666666666626e-4,-3.3333333333333826e-4,0.0010000000000000009,-0.0010000000000000009,3.3333333333333826e-4,treatment
B9,sample,4,NA1,MRP,0.094,0.091,0.092,Plate1,Exp1,0.0036666666666666653,6.666666666666626e-4,0.0030000000000000027,-0.0030000000000000027,-6.666666666666626e-4,treatment
B10,sample,8,NA1,MRP,0.09,0.091,0.09,Plate1,Exp1,-3.3333333333333826e-4,6.666666666666626e-4,0.0010000000000000009,0.0010000000000000009,0.0013333333333333391,treatment
B11,sample,16,NA1,MRP,0.091,0.091,0.09,Plate1,Exp1,6.666666666666626e-4,6.666666666666626e-4,0.0010000000000000009,0,3.3333333333333826e-4,treatment
B12,sample,32,NA1,MRP,0.09,0.092,0.09,Plate1,Exp1,-3.3333333333333826e-4,0.0016666666666666635,0.0010000000000000009,0.0020000000000000018,0.0013333333333333391,treatment
C1,sample,0.002,M1,MRP,0.089,0.276,0.441,Plate1,Exp1,-0.0013333333333333391,0.1856666666666667,0.352,0.18700000000000006,0.35333333333333333,treatment
C2,sample,0.006,M1,MRP,0.089,0.355,0.548,Plate1,Exp1,-0.0013333333333333391,0.26466666666666666,0.4590000000000001,0.266,0.46033333333333343,treatment
C3,sample,0.016,M1,MRP,0.088,0.443,0.607,Plate1,Exp1,-0.00233333333333334,0.3526666666666667,0.518,0.35500000000000004,0.5203333333333333,treatment
C4,sample,0.047,M1,MRP,0.09,0.433,0.482,Plate1,Exp1,-3.3333333333333826e-4,0.3426666666666667,0.393,0.343,0.39333333333333337,treatment
C5,sample,0.125,M1,MRP,0.091,0.193,0.218,Plate1,Exp1,6.666666666666626e-4,0.10266666666666667,0.129,0.10200000000000001,0.12833333333333335,treatment
C6,sample,0.38,M1,MRP,0.09,0.089,0.109,Plate1,Exp1,-3.3333333333333826e-4,-0.0013333333333333391,0.020000000000000004,-0.0010000000000000009,0.020333333333333342,treatment
C7,sample,1,M1,MRP,0.091,0.112,0.105,Plate1,Exp1,6.666666666666626e-4,0.021666666666666667,0.016,0.021000000000000005,0.015333333333333338,treatment
C8,sample,2,M1,MRP,0.09,0.118,0.09,Plate1,Exp1,-3.3333333333333826e-4,0.02766666666666666,0.0010000000000000009,0.027999999999999997,0.0013333333333333391,treatment
C9,sample,4,M1,MRP,0.091,0.131,0.092,Plate1,Exp1,6.666666666666626e-4,0.04066666666666667,0.0030000000000000027,0.04000000000000001,0.00233333333333334,treatment
C10,sample,8,M1,MRP,0.091,0.13,0.09,Plate1,Exp1,6.666666666666626e-4,0.03966666666666667,0.0010000000000000009,0.03900000000000001,3.3333333333333826e-4,treatment
C11,sample,16,M1,MRP,0.091,0.102,0.09,Plate1,Exp1,6.666666666666626e-4,0.011666666666666659,0.0010000000000000009,0.010999999999999996,3.3333333333333826e-4,treatment
C12,sample,32,M1,MRP,0.093,0.091,0.093,Plate1,Exp1,0.0026666666666666644,6.666666666666626e-4,0.0040000000000000036,-0.0020000000000000018,0.0013333333333333391,treatment
D1,sample,0.002,M1,MRP,0.09,0.259,0.446,Plate1,Exp1,-3.3333333333333826e-4,0.1686666666666667,0.357,0.16900000000000004,0.35733333333333334,treatment
D2,sample,0.006,M1,MRP,0.09,0.253,0.506,Plate1,Exp1,-3.3333333333333826e-4,0.16266666666666668,0.41700000000000004,0.16300000000000003,0.4173333333333334,treatment
D3,sample,0.016,M1,MRP,0.089,0.438,0.608,Plate1,Exp1,-0.0013333333333333391,0.3476666666666667,0.519,0.34900000000000003,0.5203333333333333,treatment
D4,sample,0.047,M1,MRP,0.089,0.365,0.497,Plate1,Exp1,-0.0013333333333333391,0.27466666666666667,0.40800000000000003,0.276,0.4093333333333334,treatment
D5,sample,0.125,M1,MRP,0.089,0.194,0.174,Plate1,Exp1,-0.0013333333333333391,0.10366666666666667,0.08499999999999999,0.10500000000000001,0.08633333333333333,treatment
D6,sample,0.38,M1,MRP,0.088,0.138,0.089,Plate1,Exp1,-0.00233333333333334,0.04766666666666668,0,0.05000000000000002,0.00233333333333334,treatment
D7,sample,1,M1,MRP,0.09,0.142,0.09,Plate1,Exp1,-3.3333333333333826e-4,0.05166666666666665,0.0010000000000000009,0.05199999999999999,0.0013333333333333391,treatment
D8,sample,2,M1,MRP,0.091,0.149,0.09,Plate1,Exp1,6.666666666666626e-4,0.05866666666666666,0.0010000000000000009,0.057999999999999996,3.3333333333333826e-4,treatment
D9,sample,4,M1,MRP,0.091,0.156,0.09,Plate1,Exp1,6.666666666666626e-4,0.06566666666666666,0.0010000000000000009,0.065,3.3333333333333826e-4,treatment
D10,sample,8,M1,MRP,0.091,0.108,0.096,Plate1,Exp1,6.666666666666626e-4,0.017666666666666664,0.007000000000000006,0.017,0.006333333333333344,treatment
D11,sample,16,M1,MRP,0.099,0.145,0.092,Plate1,Exp1,0.00866666666666667,0.054666666666666655,0.0030000000000000027,0.045999999999999985,-0.005666666666666667,treatment
D12,sample,32,M1,MRP,0.091,0.091,0.092,Plate1,Exp1,6.666666666666626e-4,6.666666666666626e-4,0.0030000000000000027,0,0.00233333333333334,treatment
E1,sample,0.002,M1,MRP,0.091,0.289,0.456,Plate1,Exp1,6.666666666666626e-4,0.19866666666666666,0.367,0.198,0.36633333333333334,treatment
E2,sample,0.006,M1,MRP,0.091,0.447,0.633,Plate1,Exp1,6.666666666666626e-4,0.3566666666666667,0.544,0.35600000000000004,0.5433333333333333,treatment
E3,sample,0.016,M1,MRP,0.09,0.53,0.538,Plate1,Exp1,-3.3333333333333826e-4,0.4396666666666667,0.44900000000000007,0.44000000000000006,0.4493333333333334,treatment
E4,sample,0.047,M1,MRP,0.09,0.496,0.528,Plate1,Exp1,-3.3333333333333826e-4,0.4056666666666667,0.43900000000000006,0.406,0.4393333333333334,treatment
E5,sample,0.125,M1,MRP,0.09,0.245,0.2,Plate1,Exp1,-3.3333333333333826e-4,0.15466666666666667,0.11100000000000002,0.15500000000000003,0.11133333333333335,treatment
E6,sample,0.38,M1,MRP,0.089,0.159,0.089,Plate1,Exp1,-0.0013333333333333391,0.06866666666666667,0,0.07,0.0013333333333333391,treatment
E7,sample,1,M1,MRP,0.089,0.16,0.094,Plate1,Exp1,-0.0013333333333333391,0.06966666666666667,0.0050000000000000044,0.07100000000000001,0.006333333333333344,treatment
E8,sample,2,M1,MRP,0.09,0.167,0.089,Plate1,Exp1,-3.3333333333333826e-4,0.07666666666666667,0,0.07700000000000001,3.3333333333333826e-4,treatment
E9,sample,4,M1,MRP,0.091,0.169,0.09,Plate1,Exp1,6.666666666666626e-4,0.07866666666666668,0.0010000000000000009,0.07800000000000001,3.3333333333333826e-4,treatment
E10,sample,8,M1,MRP,0.091,0.166,0.091,Plate1,Exp1,6.666666666666626e-4,0.07566666666666667,0.0020000000000000018,0.07500000000000001,0.0013333333333333391,treatment
E11,sample,16,M1,MRP,0.091,0.143,0.091,Plate1,Exp1,6.666666666666626e-4,0.05266666666666665,0.0020000000000000018,0.05199999999999999,0.0013333333333333391,treatment
E12,sample,32,M1,MRP,0.091,0.095,0.091,Plate1,Exp1,6.666666666666626e-4,0.004666666666666666,0.0020000000000000018,0.0040000000000000036,0.0013333333333333391,treatment
F1,sample,0.002,M2,MRP,0.09,0.511,0.539,Plate1,Exp1,-3.3333333333333826e-4,0.4206666666666667,0.45000000000000007,0.42100000000000004,0.4503333333333334,treatment
F2,sample,0.006,M2,MRP,0.093,0.873,0.834,Plate1,Exp1,0.0026666666666666644,0.7826666666666666,0.745,0.7799999999999999,0.7423333333333333,treatment
F3,sample,0.016,M2,MRP,0.093,0.704,0.634,Plate1,Exp1,0.0026666666666666644,0.6136666666666666,0.545,0.6109999999999999,0.5423333333333333,treatment
F4,sample,0.047,M2,MRP,0.09,0.96,0.746,Plate1,Exp1,-3.3333333333333826e-4,0.8696666666666666,0.657,0.8699999999999999,0.6573333333333333,treatment
F5,sample,0.125,M2,MRP,0.094,0.702,0.361,Plate1,Exp1,0.0036666666666666653,0.6116666666666666,0.272,0.6079999999999999,0.26833333333333337,treatment
F6,sample,0.38,M2,MRP,0.09,0.166,0.09,Plate1,Exp1,-3.3333333333333826e-4,0.07566666666666667,0.0010000000000000009,0.07600000000000001,0.0013333333333333391,treatment
F7,sample,1,M2,MRP,0.09,0.167,0.09,Plate1,Exp1,-3.3333333333333826e-4,0.07666666666666667,0.0010000000000000009,0.07700000000000001,0.0013333333333333391,treatment
F8,sample,2,M2,MRP,0.091,0.176,0.091,Plate1,Exp1,6.666666666666626e-4,0.08566666666666665,0.0020000000000000018,0.08499999999999999,0.0013333333333333391,treatment
F9,sample,4,M2,MRP,0.095,0.175,0.09,Plate1,Exp1,0.004666666666666666,0.08466666666666665,0.0010000000000000009,0.07999999999999999,-0.0036666666666666653,treatment
F10,sample,8,M2,MRP,0.09,0.17,0.09,Plate1,Exp1,-3.3333333333333826e-4,0.07966666666666668,0.0010000000000000009,0.08000000000000002,0.0013333333333333391,treatment
F11,sample,16,M2,MRP,0.092,0.146,0.091,Plate1,Exp1,0.0016666666666666635,0.055666666666666656,0.0020000000000000018,0.05399999999999999,3.3333333333333826e-4,treatment
F12,sample,32,M2,MRP,0.092,0.092,0.093,Plate1,Exp1,0.0016666666666666635,0.0016666666666666635,0.0040000000000000036,0,0.00233333333333334,treatment
G1,sample,0.002,M2,MRP,0.092,0.512,0.682,Plate1,Exp1,0.0016666666666666635,0.4216666666666667,0.5930000000000001,0.42000000000000004,0.5913333333333334,treatment
G2,sample,0.006,M2,MRP,0.089,0.644,0.598,Plate1,Exp1,-0.0013333333333333391,0.5536666666666666,0.509,0.5549999999999999,0.5103333333333333,treatment
G3,sample,0.016,M2,MRP,0.09,0.565,0.508,Plate1,Exp1,-3.3333333333333826e-4,0.4746666666666666,0.41900000000000004,0.475,0.4193333333333334,treatment
G4,sample,0.047,M2,MRP,0.091,0.817,0.513,Plate1,Exp1,6.666666666666626e-4,0.7266666666666666,0.42400000000000004,0.7259999999999999,0.4233333333333334,treatment
G5,sample,0.125,M2,MRP,0.091,0.284,0.202,Plate1,Exp1,6.666666666666626e-4,0.19366666666666665,0.11300000000000002,0.193,0.11233333333333335,treatment
G6,sample,0.38,M2,MRP,0.089,0.163,0.09,Plate1,Exp1,-0.0013333333333333391,0.07266666666666667,0.0010000000000000009,0.07400000000000001,0.00233333333333334,treatment
G7,sample,1,M2,MRP,0.09,0.166,0.091,Plate1,Exp1,-3.3333333333333826e-4,0.07566666666666667,0.0020000000000000018,0.07600000000000001,0.00233333333333334,treatment
G8,sample,2,M2,MRP,0.09,0.169,0.091,Plate1,Exp1,-3.3333333333333826e-4,0.07866666666666668,0.0020000000000000018,0.07900000000000001,0.00233333333333334,treatment
G9,sample,4,M2,MRP,0.09,0.166,0.09,Plate1,Exp1,-3.3333333333333826e-4,0.07566666666666667,0.0010000000000000009,0.07600000000000001,0.0013333333333333391,treatment
G10,sample,8,M2,MRP,0.092,0.154,0.091,Plate1,Exp1,0.0016666666666666635,0.06366666666666666,0.0020000000000000018,0.062,3.3333333333333826e-4,treatment
G11,sample,16,M2,MRP,0.09,0.095,0.091,Plate1,Exp1,-3.3333333333333826e-4,0.004666666666666666,0.0020000000000000018,0.0050000000000000044,0.00233333333333334,treatment
G12,sample,32,M2,MRP,0.093,0.091,0.091,Plate1,Exp1,0.0026666666666666644,6.666666666666626e-4,0.0020000000000000018,-0.0020000000000000018,-6.666666666666626e-4,treatment
H1,sample,0.002,M2,MRP,0.091,0.449,0.507,Plate1,Exp1,6.666666666666626e-4,0.3586666666666667,0.41800000000000004,0.35800000000000004,0.4173333333333334,treatment
H2,sample,0.006,M2,MRP,0.09,0.503,0.513,Plate1,Exp1,-3.3333333333333826e-4,0.4126666666666667,0.42400000000000004,0.41300000000000003,0.4243333333333334,treatment
H3,sample,0.016,M2,MRP,0.093,0.607,0.579,Plate1,Exp1,0.0026666666666666644,0.5166666666666666,0.49,0.5139999999999999,0.48733333333333334,treatment
H4,sample,0.047,M2,MRP,0.091,0.627,0.522,Plate1,Exp1,6.666666666666626e-4,0.5366666666666666,0.43300000000000005,0.5359999999999999,0.4323333333333334,treatment
H5,sample,0.125,M2,MRP,0.091,0.231,0.237,Plate1,Exp1,6.666666666666626e-4,0.14066666666666666,0.148,0.14,0.14733333333333332,treatment
H6,sample,0.38,M2,MRP,0.091,0.09,0.091,Plate1,Exp1,6.666666666666626e-4,-3.3333333333333826e-4,0.0020000000000000018,-0.0010000000000000009,0.0013333333333333391,treatment
H7,sample,1,M2,MRP,0.092,0.105,0.09,Plate1,Exp1,0.0016666666666666635,0.014666666666666661,0.0010000000000000009,0.012999999999999998,-6.666666666666626e-4,treatment
H8,sample,2,M2,MRP,0.095,0.121,0.093,Plate1,Exp1,0.004666666666666666,0.03066666666666666,0.0040000000000000036,0.025999999999999995,-6.666666666666626e-4,treatment
H9,sample,4,M2,MRP,0.09,0.112,0.091,Plate1,Exp1,-3.3333333333333826e-4,0.021666666666666667,0.0020000000000000018,0.022000000000000006,0.00233333333333334,treatment
H10,sample,8,M2,MRP,0.091,0.092,0.092,Plate1,Exp1,6.666666666666626e-4,0.0016666666666666635,0.0030000000000000027,0.0010000000000000009,0.00233333333333334,treatment
H11,sample,16,M2,MRP,0.09,0.095,0.093,Plate1,Exp1,-3.3333333333333826e-4,0.004666666666666666,0.0040000000000000036,0.0050000000000000044,0.004333333333333342,treatment
H12,sample,32,M2,MRP,0.095,0.091,0.091,Plate1,Exp1,0.004666666666666666,6.666666666666626e-4,0.0020000000000000018,-0.0040000000000000036,-0.0026666666666666644,treatment
A1,blank,NA,NA,MRP,0.088,0.088,0.088,Plate2,Exp1,0,0,-3.3333333333333826e-4,0,-3.3333333333333826e-4,blank
A2,blank,NA,NA,MRP,0.088,0.088,0.089,Plate2,Exp1,0,0,6.666666666666626e-4,0,6.666666666666626e-4,blank
A3,blank,NA,NA,MRP,0.088,0.088,0.088,Plate2,Exp1,0,0,-3.3333333333333826e-4,0,-3.3333333333333826e-4,blank
A4,empty,NA,NA,MRP,0.092,0.09,0.095,Plate2,Exp1,0.0040000000000000036,0.0020000000000000018,0.006666666666666668,-0.0020000000000000018,0.0026666666666666644,empty
A5,empty,NA,NA,MRP,0.09,0.091,0.09,Plate2,Exp1,0.0020000000000000018,0.0030000000000000027,0.0016666666666666635,0.0010000000000000009,-3.3333333333333826e-4,empty
A6,empty,NA,NA,MRP,0.09,0.091,0.09,Plate2,Exp1,0.0020000000000000018,0.0030000000000000027,0.0016666666666666635,0.0010000000000000009,-3.3333333333333826e-4,empty
A7,empty,NA,NA,MRP,0.09,0.09,0.09,Plate2,Exp1,0.0020000000000000018,0.0020000000000000018,0.0016666666666666635,0,-3.3333333333333826e-4,empty
A8,empty,NA,NA,MRP,0.091,0.09,0.091,Plate2,Exp1,0.0030000000000000027,0.0020000000000000018,0.0026666666666666644,-0.0010000000000000009,-3.3333333333333826e-4,empty
A9,empty,NA,NA,MRP,0.091,0.093,0.092,Plate2,Exp1,0.0030000000000000027,0.0050000000000000044,0.0036666666666666653,0.0020000000000000018,6.666666666666626e-4,empty
A10,sample,0,M3,MRP,0.096,0.532,0.603,Plate2,Exp1,0.008000000000000007,0.44400000000000006,0.5146666666666666,0.43600000000000005,0.5066666666666666,growth_control
A11,sample,0,M3,MRP,0.092,0.389,0.484,Plate2,Exp1,0.0040000000000000036,0.30100000000000005,0.39566666666666667,0.29700000000000004,0.39166666666666666,growth_control
A12,sample,0,M3,MRP,0.089,0.358,0.479,Plate2,Exp1,0.0010000000000000009,0.27,0.39066666666666666,0.269,0.38966666666666666,growth_control
B1,sample,0.002,NA1,MRP,0.091,0.311,0.449,Plate2,Exp1,0.0030000000000000027,0.223,0.3606666666666667,0.22,0.3576666666666667,treatment
B2,sample,0.006,NA1,MRP,0.091,0.381,0.47,Plate2,Exp1,0.0030000000000000027,0.29300000000000004,0.38166666666666665,0.29000000000000004,0.37866666666666665,treatment
B3,sample,0.016,NA1,MRP,0.09,0.271,0.332,Plate2,Exp1,0.0020000000000000018,0.18300000000000002,0.2436666666666667,0.18100000000000002,0.2416666666666667,treatment
B4,sample,0.047,NA1,MRP,0.092,0.099,0.093,Plate2,Exp1,0.0040000000000000036,0.01100000000000001,0.004666666666666666,0.007000000000000006,6.666666666666626e-4,treatment
B5,sample,0.125,NA1,MRP,0.092,0.102,0.095,Plate2,Exp1,0.0040000000000000036,0.013999999999999999,0.006666666666666668,0.009999999999999995,0.0026666666666666644,treatment
B6,sample,0.38,NA1,MRP,0.091,0.092,0.092,Plate2,Exp1,0.0030000000000000027,0.0040000000000000036,0.0036666666666666653,0.0010000000000000009,6.666666666666626e-4,treatment
B7,sample,1,NA1,MRP,0.092,0.09,0.093,Plate2,Exp1,0.0040000000000000036,0.0020000000000000018,0.004666666666666666,-0.0020000000000000018,6.666666666666626e-4,treatment
B8,sample,2,NA1,MRP,0.091,0.091,0.091,Plate2,Exp1,0.0030000000000000027,0.0030000000000000027,0.0026666666666666644,0,-3.3333333333333826e-4,treatment
B9,sample,4,NA1,MRP,0.092,0.093,0.091,Plate2,Exp1,0.0040000000000000036,0.0050000000000000044,0.0026666666666666644,0.0010000000000000009,-0.0013333333333333391,treatment
B10,sample,8,NA1,MRP,0.09,0.113,0.09,Plate2,Exp1,0.0020000000000000018,0.02500000000000001,0.0016666666666666635,0.023000000000000007,-3.3333333333333826e-4,treatment
B11,sample,16,NA1,MRP,0.092,0.111,0.092,Plate2,Exp1,0.0040000000000000036,0.023000000000000007,0.0036666666666666653,0.019000000000000003,-3.3333333333333826e-4,treatment
B12,sample,32,NA1,MRP,0.091,0.091,0.091,Plate2,Exp1,0.0030000000000000027,0.0030000000000000027,0.0026666666666666644,0,-3.3333333333333826e-4,treatment
C1,sample,0.002,M3,MRP,0.091,0.392,0.471,Plate2,Exp1,0.0030000000000000027,0.30400000000000005,0.38266666666666665,0.30100000000000005,0.37966666666666665,treatment
C2,sample,0.006,M3,MRP,0.091,0.662,0.523,Plate2,Exp1,0.0030000000000000027,0.5740000000000001,0.4346666666666667,0.5710000000000001,0.4316666666666667,treatment
C3,sample,0.016,M3,MRP,0.092,0.819,0.572,Plate2,Exp1,0.0040000000000000036,0.731,0.48366666666666663,0.727,0.47966666666666663,treatment
C4,sample,0.047,M3,MRP,0.092,0.563,0.405,Plate2,Exp1,0.0040000000000000036,0.475,0.3166666666666667,0.471,0.3126666666666667,treatment
C5,sample,0.125,M3,MRP,0.091,0.863,0.449,Plate2,Exp1,0.0030000000000000027,0.775,0.3606666666666667,0.772,0.3576666666666667,treatment
C6,sample,0.38,M3,MRP,0.092,0.131,0.093,Plate2,Exp1,0.0040000000000000036,0.04300000000000001,0.004666666666666666,0.03900000000000001,6.666666666666626e-4,treatment
C7,sample,1,M3,MRP,0.091,0.134,0.091,Plate2,Exp1,0.0030000000000000027,0.04600000000000001,0.0026666666666666644,0.04300000000000001,-3.3333333333333826e-4,treatment
C8,sample,2,M3,MRP,0.096,0.132,0.092,Plate2,Exp1,0.008000000000000007,0.04400000000000001,0.0036666666666666653,0.036000000000000004,-0.004333333333333342,treatment
C9,sample,4,M3,MRP,0.093,0.133,0.092,Plate2,Exp1,0.0050000000000000044,0.04500000000000001,0.0036666666666666653,0.04000000000000001,-0.0013333333333333391,treatment
C10,sample,8,M3,MRP,0.093,0.127,0.091,Plate2,Exp1,0.0050000000000000044,0.03900000000000001,0.0026666666666666644,0.034,-0.00233333333333334,treatment
C11,sample,16,M3,MRP,0.092,0.122,0.091,Plate2,Exp1,0.0040000000000000036,0.034,0.0026666666666666644,0.03,-0.0013333333333333391,treatment
C12,sample,32,M3,MRP,0.093,0.091,0.094,Plate2,Exp1,0.0050000000000000044,0.0030000000000000027,0.005666666666666667,-0.0020000000000000018,6.666666666666626e-4,treatment
D1,sample,0.002,M3,MRP,0.097,0.574,0.57,Plate2,Exp1,0.009000000000000008,0.486,0.48166666666666663,0.477,0.4726666666666666,treatment
D2,sample,0.006,M3,MRP,0.091,0.655,0.553,Plate2,Exp1,0.0030000000000000027,0.5670000000000001,0.46466666666666673,0.5640000000000001,0.4616666666666667,treatment
D3,sample,0.016,M3,MRP,0.089,0.759,0.554,Plate2,Exp1,0.0010000000000000009,0.671,0.46566666666666673,0.67,0.46466666666666673,treatment
D4,sample,0.047,M3,MRP,0.093,0.787,0.546,Plate2,Exp1,0.0050000000000000044,0.6990000000000001,0.4576666666666667,0.6940000000000001,0.4526666666666667,treatment
D5,sample,0.125,M3,MRP,0.091,0.441,0.281,Plate2,Exp1,0.0030000000000000027,0.353,0.1926666666666667,0.35,0.1896666666666667,treatment
D6,sample,0.38,M3,MRP,0.094,0.131,0.091,Plate2,Exp1,0.006000000000000005,0.04300000000000001,0.0026666666666666644,0.037000000000000005,-0.003333333333333341,treatment
D7,sample,1,M3,MRP,0.091,0.135,0.091,Plate2,Exp1,0.0030000000000000027,0.047000000000000014,0.0026666666666666644,0.04400000000000001,-3.3333333333333826e-4,treatment
D8,sample,2,M3,MRP,0.091,0.136,0.091,Plate2,Exp1,0.0030000000000000027,0.048000000000000015,0.0026666666666666644,0.04500000000000001,-3.3333333333333826e-4,treatment
D9,sample,4,M3,MRP,0.094,0.139,0.092,Plate2,Exp1,0.006000000000000005,0.05100000000000002,0.0036666666666666653,0.04500000000000001,-0.00233333333333334,treatment
D10,sample,8,M3,MRP,0.093,0.133,0.092,Plate2,Exp1,0.0050000000000000044,0.04500000000000001,0.0036666666666666653,0.04000000000000001,-0.0013333333333333391,treatment
D11,sample,16,M3,MRP,0.092,0.127,0.094,Plate2,Exp1,0.0040000000000000036,0.03900000000000001,0.005666666666666667,0.035,0.0016666666666666635,treatment
D12,sample,32,M3,MRP,0.095,0.091,0.091,Plate2,Exp1,0.007000000000000006,0.0030000000000000027,0.0026666666666666644,-0.0040000000000000036,-0.004333333333333342,treatment
E1,sample,0.002,M3,MRP,0.092,0.317,0.433,Plate2,Exp1,0.0040000000000000036,0.229,0.3446666666666667,0.225,0.3406666666666667,treatment
E2,sample,0.006,M3,MRP,0.091,0.332,0.426,Plate2,Exp1,0.0030000000000000027,0.24400000000000002,0.33766666666666667,0.24100000000000002,0.33466666666666667,treatment
E3,sample,0.016,M3,MRP,0.089,0.509,0.532,Plate2,Exp1,0.0010000000000000009,0.42100000000000004,0.4436666666666667,0.42000000000000004,0.4426666666666667,treatment
E4,sample,0.047,M3,MRP,0.092,0.484,0.493,Plate2,Exp1,0.0040000000000000036,0.396,0.4046666666666667,0.392,0.40066666666666667,treatment
E5,sample,0.125,M3,MRP,0.097,0.329,0.27,Plate2,Exp1,0.009000000000000008,0.24100000000000002,0.1816666666666667,0.232,0.1726666666666667,treatment
E6,sample,0.38,M3,MRP,0.091,0.117,0.092,Plate2,Exp1,0.0030000000000000027,0.029000000000000012,0.0036666666666666653,0.02600000000000001,6.666666666666626e-4,treatment
E7,sample,1,M3,MRP,0.092,0.121,0.097,Plate2,Exp1,0.0040000000000000036,0.033,0.00866666666666667,0.028999999999999998,0.004666666666666666,treatment
E8,sample,2,M3,MRP,0.092,0.12,0.092,Plate2,Exp1,0.0040000000000000036,0.032,0.0036666666666666653,0.027999999999999997,-3.3333333333333826e-4,treatment
E9,sample,4,M3,MRP,0.093,0.115,0.092,Plate2,Exp1,0.0050000000000000044,0.02700000000000001,0.0036666666666666653,0.022000000000000006,-0.0013333333333333391,treatment
E10,sample,8,M3,MRP,0.095,0.105,0.092,Plate2,Exp1,0.007000000000000006,0.017,0.0036666666666666653,0.009999999999999995,-0.003333333333333341,treatment
E11,sample,16,M3,MRP,0.093,0.092,0.092,Plate2,Exp1,0.0050000000000000044,0.0040000000000000036,0.0036666666666666653,-0.0010000000000000009,-0.0013333333333333391,treatment
E12,sample,32,M3,MRP,0.098,0.094,0.095,Plate2,Exp1,0.010000000000000009,0.006000000000000005,0.006666666666666668,-0.0040000000000000036,-0.003333333333333341,treatment
F1,empty,0.002,NA,MRP,0.094,0.089,0.089,Plate2,Exp1,0.006000000000000005,0.0010000000000000009,6.666666666666626e-4,-0.0050000000000000044,-0.005333333333333343,empty
F2,empty,0.006,NA,MRP,0.09,0.09,0.09,Plate2,Exp1,0.0020000000000000018,0.0020000000000000018,0.0016666666666666635,0,-3.3333333333333826e-4,empty
F3,empty,0.016,NA,MRP,0.09,0.091,0.09,Plate2,Exp1,0.0020000000000000018,0.0030000000000000027,0.0016666666666666635,0.0010000000000000009,-3.3333333333333826e-4,empty
F4,empty,0.047,NA,MRP,0.093,0.091,0.092,Plate2,Exp1,0.0050000000000000044,0.0030000000000000027,0.0036666666666666653,-0.0020000000000000018,-0.0013333333333333391,empty
F5,empty,0.125,NA,MRP,0.09,0.096,0.095,Plate2,Exp1,0.0020000000000000018,0.008000000000000007,0.006666666666666668,0.006000000000000005,0.004666666666666666,empty
F6,empty,0.38,NA,MRP,0.089,0.09,0.089,Plate2,Exp1,0.0010000000000000009,0.0020000000000000018,6.666666666666626e-4,0.0010000000000000009,-3.3333333333333826e-4,empty
F7,empty,1,NA,MRP,0.092,0.092,0.093,Plate2,Exp1,0.0040000000000000036,0.0040000000000000036,0.004666666666666666,0,6.666666666666626e-4,empty
F8,empty,2,NA,MRP,0.09,0.09,0.09,Plate2,Exp1,0.0020000000000000018,0.0020000000000000018,0.0016666666666666635,0,-3.3333333333333826e-4,empty
F9,empty,4,NA,MRP,0.09,0.094,0.09,Plate2,Exp1,0.0020000000000000018,0.006000000000000005,0.0016666666666666635,0.0040000000000000036,-3.3333333333333826e-4,empty
F10,empty,8,NA,MRP,0.091,0.09,0.091,Plate2,Exp1,0.0030000000000000027,0.0020000000000000018,0.0026666666666666644,-0.0010000000000000009,-3.3333333333333826e-4,empty
F11,empty,16,NA,MRP,0.089,0.089,0.089,Plate2,Exp1,0.0010000000000000009,0.0010000000000000009,6.666666666666626e-4,0,-3.3333333333333826e-4,empty
F12,empty,32,NA,MRP,0.09,0.089,0.091,Plate2,Exp1,0.0020000000000000018,0.0010000000000000009,0.0026666666666666644,-0.0010000000000000009,6.666666666666626e-4,empty
G1,empty,0.002,NA,MRP,0.09,0.09,0.089,Plate2,Exp1,0.0020000000000000018,0.0020000000000000018,6.666666666666626e-4,0,-0.0013333333333333391,empty
G2,empty,0.006,NA,MRP,0.09,0.089,0.089,Plate2,Exp1,0.0020000000000000018,0.0010000000000000009,6.666666666666626e-4,-0.0010000000000000009,-0.0013333333333333391,empty
G3,empty,0.016,NA,MRP,0.089,0.099,0.091,Plate2,Exp1,0.0010000000000000009,0.01100000000000001,0.0026666666666666644,0.010000000000000009,0.0016666666666666635,empty
G4,empty,0.047,NA,MRP,0.09,0.09,0.09,Plate2,Exp1,0.0020000000000000018,0.0020000000000000018,0.0016666666666666635,0,-3.3333333333333826e-4,empty
G5,empty,0.125,NA,MRP,0.09,0.091,0.09,Plate2,Exp1,0.0020000000000000018,0.0030000000000000027,0.0016666666666666635,0.0010000000000000009,-3.3333333333333826e-4,empty
G6,empty,0.38,NA,MRP,0.09,0.09,0.09,Plate2,Exp1,0.0020000000000000018,0.0020000000000000018,0.0016666666666666635,0,-3.3333333333333826e-4,empty
G7,empty,1,NA,MRP,0.091,0.09,0.091,Plate2,Exp1,0.0030000000000000027,0.0020000000000000018,0.0026666666666666644,-0.0010000000000000009,-3.3333333333333826e-4,empty
G8,empty,2,NA,MRP,0.095,0.092,0.093,Plate2,Exp1,0.007000000000000006,0.0040000000000000036,0.004666666666666666,-0.0030000000000000027,-0.00233333333333334,empty
G9,empty,4,NA,MRP,0.094,0.094,0.094,Plate2,Exp1,0.006000000000000005,0.006000000000000005,0.005666666666666667,0,-3.3333333333333826e-4,empty
G10,empty,8,NA,MRP,0.09,0.09,0.09,Plate2,Exp1,0.0020000000000000018,0.0020000000000000018,0.0016666666666666635,0,-3.3333333333333826e-4,empty
G11,empty,16,NA,MRP,0.09,0.089,0.089,Plate2,Exp1,0.0020000000000000018,0.0010000000000000009,6.666666666666626e-4,-0.0010000000000000009,-0.0013333333333333391,empty
G12,empty,32,NA,MRP,0.089,0.089,0.09,Plate2,Exp1,0.0010000000000000009,0.0010000000000000009,0.0016666666666666635,0,6.666666666666626e-4,empty
H1,empty,0.002,NA,MRP,0.09,0.09,0.09,Plate2,Exp1,0.0020000000000000018,0.0020000000000000018,0.0016666666666666635,0,-3.3333333333333826e-4,empty
H2,empty,0.006,NA,MRP,0.089,0.089,0.089,Plate2,Exp1,0.0010000000000000009,0.0010000000000000009,6.666666666666626e-4,0,-3.3333333333333826e-4,empty
H3,empty,0.016,NA,MRP,0.089,0.088,0.089,Plate2,Exp1,0.0010000000000000009,0,6.666666666666626e-4,-0.0010000000000000009,-3.3333333333333826e-4,empty
H4,empty,0.047,NA,MRP,0.091,0.09,0.092,Plate2,Exp1,0.0030000000000000027,0.0020000000000000018,0.0036666666666666653,-0.0010000000000000009,6.666666666666626e-4,empty
H5,empty,0.125,NA,MRP,0.092,0.094,0.09,Plate2,Exp1,0.0040000000000000036,0.006000000000000005,0.0016666666666666635,0.0020000000000000018,-0.00233333333333334,empty
H6,empty,0.38,NA,MRP,0.091,0.091,0.089,Plate2,Exp1,0.0030000000000000027,0.0030000000000000027,6.666666666666626e-4,0,-0.00233333333333334,empty
H7,empty,1,NA,MRP,0.091,0.091,0.09,Plate2,Exp1,0.0030000000000000027,0.0030000000000000027,0.0016666666666666635,0,-0.0013333333333333391,empty
H8,empty,2,NA,MRP,0.092,0.092,0.092,Plate2,Exp1,0.0040000000000000036,0.0040000000000000036,0.0036666666666666653,0,-3.3333333333333826e-4,empty
H9,empty,4,NA,MRP,0.105,0.091,0.091,Plate2,Exp1,0.017,0.0030000000000000027,0.0026666666666666644,-0.013999999999999999,-0.014333333333333337,empty
H10,empty,8,NA,MRP,0.091,0.091,0.091,Plate2,Exp1,0.0030000000000000027,0.0030000000000000027,0.0026666666666666644,0,-3.3333333333333826e-4,empty
H11,empty,16,NA,MRP,0.09,0.089,0.089,Plate2,Exp1,0.0020000000000000018,0.0010000000000000009,6.666666666666626e-4,-0.0010000000000000009,-0.0013333333333333391,empty
H12,empty,32,NA,MRP,0.091,0.089,0.089,Plate2,Exp1,0.0030000000000000027,0.0010000000000000009,6.666666666666626e-4,-0.0020000000000000018,-0.00233333333333334,empty
A1,blank,NA,NA,TOB,0.088,0.089,0.102,Plate3,Exp1,0,-0.0013333333333333391,-0.013666666666666674,-0.0013333333333333391,-0.013666666666666674,blank
A2,blank,NA,NA,TOB,0.088,0.09,0.127,Plate3,Exp1,0,-3.3333333333333826e-4,0.011333333333333334,-3.3333333333333826e-4,0.011333333333333334,blank
A3,blank,NA,NA,TOB,0.088,0.092,0.118,Plate3,Exp1,0,0.0016666666666666635,0.002333333333333326,0.0016666666666666635,0.002333333333333326,blank
A4,empty,NA,NA,TOB,0.09,0.096,0.096,Plate3,Exp1,0.0020000000000000018,0.005666666666666667,-0.019666666666666666,0.0036666666666666653,-0.021666666666666667,empty
A5,empty,NA,NA,TOB,0.089,0.092,0.092,Plate3,Exp1,0.0010000000000000009,0.0016666666666666635,-0.02366666666666667,6.666666666666626e-4,-0.02466666666666667,empty
A6,sample,0,T1,TOB,0.091,0.343,0.42,Plate3,Exp1,0.0030000000000000027,0.2526666666666667,0.30433333333333334,0.2496666666666667,0.30133333333333334,growth_control
A7,sample,0,T1,TOB,0.094,0.352,0.445,Plate3,Exp1,0.006000000000000005,0.26166666666666666,0.32933333333333337,0.25566666666666665,0.32333333333333336,growth_control
A8,sample,0,T1,TOB,0.096,0.348,0.44,Plate3,Exp1,0.008000000000000007,0.25766666666666665,0.32433333333333336,0.24966666666666665,0.31633333333333336,growth_control
A9,empty,NA,NA,TOB,0.09,0.091,0.091,Plate3,Exp1,0.0020000000000000018,6.666666666666626e-4,-0.02466666666666667,-0.0013333333333333391,-0.026666666666666672,empty
A10,sample,0,T2,TOB,0.089,0.307,0.433,Plate3,Exp1,0.0010000000000000009,0.21666666666666667,0.31733333333333336,0.21566666666666667,0.31633333333333336,growth_control
A11,sample,0,T2,TOB,0.088,0.329,0.447,Plate3,Exp1,0,0.2386666666666667,0.33133333333333337,0.2386666666666667,0.33133333333333337,growth_control
A12,sample,0,T2,TOB,0.087,0.306,0.418,Plate3,Exp1,-0.0010000000000000009,0.21566666666666667,0.30233333333333334,0.21666666666666667,0.30333333333333334,growth_control
B1,sample,0.016,NA1,TOB,0.091,0.163,0.33,Plate3,Exp1,0.0030000000000000027,0.07266666666666667,0.21433333333333335,0.06966666666666667,0.21133333333333335,treatment
B2,sample,0.047,NA1,TOB,0.091,0.109,0.205,Plate3,Exp1,0.0030000000000000027,0.018666666666666665,0.08933333333333332,0.015666666666666662,0.08633333333333332,treatment
B3,sample,0.125,NA1,TOB,0.09,0.09,0.161,Plate3,Exp1,0.0020000000000000018,-3.3333333333333826e-4,0.04533333333333334,-0.00233333333333334,0.043333333333333335,treatment
B4,sample,0.38,NA1,TOB,0.09,0.09,0.161,Plate3,Exp1,0.0020000000000000018,-3.3333333333333826e-4,0.04533333333333334,-0.00233333333333334,0.043333333333333335,treatment
B5,sample,1,NA1,TOB,0.09,0.091,0.154,Plate3,Exp1,0.0020000000000000018,6.666666666666626e-4,0.03833333333333333,-0.0013333333333333391,0.03633333333333333,treatment
B6,sample,3,NA1,TOB,0.091,0.102,0.158,Plate3,Exp1,0.0030000000000000027,0.011666666666666659,0.042333333333333334,0.008666666666666656,0.03933333333333333,treatment
B7,sample,8,NA1,TOB,0.09,0.11,0.161,Plate3,Exp1,0.0020000000000000018,0.019666666666666666,0.04533333333333334,0.017666666666666664,0.043333333333333335,treatment
B8,sample,16,NA1,TOB,0.09,0.106,0.161,Plate3,Exp1,0.0020000000000000018,0.015666666666666662,0.04533333333333334,0.01366666666666666,0.043333333333333335,treatment
B9,sample,32,NA1,TOB,0.091,0.092,0.158,Plate3,Exp1,0.0030000000000000027,0.0016666666666666635,0.042333333333333334,-0.0013333333333333391,0.03933333333333333,treatment
B10,sample,64,NA1,TOB,0.092,0.093,0.153,Plate3,Exp1,0.0040000000000000036,0.0026666666666666644,0.03733333333333333,-0.0013333333333333391,0.033333333333333326,treatment
B11,sample,128,NA1,TOB,0.09,0.091,0.153,Plate3,Exp1,0.0020000000000000018,6.666666666666626e-4,0.03733333333333333,-0.0013333333333333391,0.03533333333333333,treatment
B12,sample,256,NA1,TOB,0.089,0.091,0.13,Plate3,Exp1,0.0010000000000000009,6.666666666666626e-4,0.014333333333333337,-3.3333333333333826e-4,0.013333333333333336,treatment
C1,sample,0.016,T1,TOB,0.093,0.234,0.405,Plate3,Exp1,0.0050000000000000044,0.14366666666666666,0.28933333333333333,0.13866666666666666,0.2843333333333333,treatment
C2,sample,0.047,T1,TOB,0.09,0.296,0.449,Plate3,Exp1,0.0020000000000000018,0.20566666666666666,0.33333333333333337,0.20366666666666666,0.33133333333333337,treatment
C3,sample,0.125,T1,TOB,0.092,0.219,0.356,Plate3,Exp1,0.0040000000000000036,0.12866666666666665,0.24033333333333332,0.12466666666666665,0.2363333333333333,treatment
C4,sample,0.38,T1,TOB,0.09,0.153,0.285,Plate3,Exp1,0.0020000000000000018,0.06266666666666666,0.1693333333333333,0.06066666666666666,0.1673333333333333,treatment
C5,sample,1,T1,TOB,0.091,0.139,0.198,Plate3,Exp1,0.0030000000000000027,0.04866666666666668,0.08233333333333334,0.045666666666666675,0.07933333333333334,treatment
C6,sample,3,T1,TOB,0.091,0.124,0.16,Plate3,Exp1,0.0030000000000000027,0.033666666666666664,0.044333333333333336,0.03066666666666666,0.04133333333333333,treatment
C7,sample,8,T1,TOB,0.09,0.122,0.172,Plate3,Exp1,0.0020000000000000018,0.03166666666666666,0.05633333333333332,0.02966666666666666,0.05433333333333332,treatment
C8,sample,16,T1,TOB,0.091,0.092,0.168,Plate3,Exp1,0.0030000000000000027,0.0016666666666666635,0.05233333333333334,-0.0013333333333333391,0.04933333333333334,treatment
C9,sample,32,T1,TOB,0.093,0.096,0.171,Plate3,Exp1,0.0050000000000000044,0.005666666666666667,0.055333333333333345,6.666666666666626e-4,0.05033333333333334,treatment
C10,sample,64,T1,TOB,0.093,0.107,0.163,Plate3,Exp1,0.0050000000000000044,0.016666666666666663,0.04733333333333334,0.011666666666666659,0.042333333333333334,treatment
C11,sample,128,T1,TOB,0.089,0.09,0.162,Plate3,Exp1,0.0010000000000000009,-3.3333333333333826e-4,0.04633333333333334,-0.0013333333333333391,0.04533333333333334,treatment
C12,sample,256,T1,TOB,0.09,0.091,0.149,Plate3,Exp1,0.0020000000000000018,6.666666666666626e-4,0.033333333333333326,-0.0013333333333333391,0.031333333333333324,treatment
D1,sample,0.016,T1,TOB,0.095,0.294,0.471,Plate3,Exp1,0.007000000000000006,0.20366666666666666,0.3553333333333333,0.19666666666666666,0.3483333333333333,treatment
D2,sample,0.047,T1,TOB,0.091,0.306,0.462,Plate3,Exp1,0.0030000000000000027,0.21566666666666667,0.3463333333333334,0.21266666666666667,0.3433333333333334,treatment
D3,sample,0.125,T1,TOB,0.091,0.235,0.391,Plate3,Exp1,0.0030000000000000027,0.14466666666666667,0.2753333333333333,0.14166666666666666,0.2723333333333333,treatment
D4,sample,0.38,T1,TOB,0.09,0.169,0.272,Plate3,Exp1,0.0020000000000000018,0.07866666666666668,0.15633333333333335,0.07666666666666667,0.15433333333333335,treatment
D5,sample,1,T1,TOB,0.09,0.144,0.214,Plate3,Exp1,0.0020000000000000018,0.053666666666666654,0.09833333333333333,0.05166666666666665,0.09633333333333333,treatment
D6,sample,3,T1,TOB,0.09,0.118,0.17,Plate3,Exp1,0.0020000000000000018,0.02766666666666666,0.054333333333333345,0.025666666666666657,0.05233333333333334,treatment
D7,sample,8,T1,TOB,0.089,0.12,0.169,Plate3,Exp1,0.0010000000000000009,0.02966666666666666,0.053333333333333344,0.02866666666666666,0.05233333333333334,treatment
D8,sample,16,T1,TOB,0.09,0.119,0.175,Plate3,Exp1,0.0020000000000000018,0.02866666666666666,0.05933333333333332,0.026666666666666658,0.05733333333333332,treatment
D9,sample,32,T1,TOB,0.09,0.093,0.173,Plate3,Exp1,0.0020000000000000018,0.0026666666666666644,0.05733333333333332,6.666666666666626e-4,0.05533333333333332,treatment
D10,sample,64,T1,TOB,0.093,0.121,0.16,Plate3,Exp1,0.0050000000000000044,0.03066666666666666,0.044333333333333336,0.025666666666666657,0.03933333333333333,treatment
D11,sample,128,T1,TOB,0.089,0.093,0.162,Plate3,Exp1,0.0010000000000000009,0.0026666666666666644,0.04633333333333334,0.0016666666666666635,0.04533333333333334,treatment
D12,sample,256,T1,TOB,0.089,0.09,0.154,Plate3,Exp1,0.0010000000000000009,-3.3333333333333826e-4,0.03833333333333333,-0.0013333333333333391,0.03733333333333333,treatment
E1,sample,0.016,T1,TOB,0.096,0.296,0.455,Plate3,Exp1,0.008000000000000007,0.20566666666666666,0.3393333333333334,0.19766666666666666,0.33133333333333337,treatment
E2,sample,0.047,T1,TOB,0.091,0.294,0.468,Plate3,Exp1,0.0030000000000000027,0.20366666666666666,0.3523333333333334,0.20066666666666666,0.3493333333333334,treatment
E3,sample,0.125,T1,TOB,0.091,0.233,0.389,Plate3,Exp1,0.0030000000000000027,0.14266666666666666,0.2733333333333333,0.13966666666666666,0.2703333333333333,treatment
E4,sample,0.38,T1,TOB,0.094,0.164,0.286,Plate3,Exp1,0.006000000000000005,0.07366666666666667,0.1703333333333333,0.06766666666666667,0.1643333333333333,treatment
E5,sample,1,T1,TOB,0.09,0.138,0.223,Plate3,Exp1,0.0020000000000000018,0.04766666666666668,0.10733333333333334,0.045666666666666675,0.10533333333333333,treatment
E6,sample,3,T1,TOB,0.09,0.112,0.179,Plate3,Exp1,0.0020000000000000018,0.021666666666666667,0.06333333333333332,0.019666666666666666,0.06133333333333332,treatment
E7,sample,8,T1,TOB,0.089,0.118,0.178,Plate3,Exp1,0.0010000000000000009,0.02766666666666666,0.062333333333333324,0.026666666666666658,0.06133333333333332,treatment
E8,sample,16,T1,TOB,0.089,0.119,0.18,Plate3,Exp1,0.0010000000000000009,0.02866666666666666,0.06433333333333333,0.02766666666666666,0.06333333333333332,treatment
E9,sample,32,T1,TOB,0.09,0.114,0.182,Plate3,Exp1,0.0020000000000000018,0.02366666666666667,0.06633333333333333,0.021666666666666667,0.06433333333333333,treatment
E10,sample,64,T1,TOB,0.092,0.101,0.18,Plate3,Exp1,0.0040000000000000036,0.010666666666666672,0.06433333333333333,0.006666666666666668,0.06033333333333332,treatment
E11,sample,128,T1,TOB,0.089,0.091,0.165,Plate3,Exp1,0.0010000000000000009,6.666666666666626e-4,0.04933333333333334,-3.3333333333333826e-4,0.04833333333333334,treatment
E12,sample,256,T1,TOB,0.091,0.09,0.149,Plate3,Exp1,0.0030000000000000027,-3.3333333333333826e-4,0.033333333333333326,-0.003333333333333341,0.030333333333333323,treatment
F1,sample,0.016,T2,TOB,0.094,0.251,0.442,Plate3,Exp1,0.006000000000000005,0.16066666666666668,0.32633333333333336,0.15466666666666667,0.32033333333333336,treatment
F2,sample,0.047,T2,TOB,0.092,0.324,0.518,Plate3,Exp1,0.0040000000000000036,0.2336666666666667,0.4023333333333333,0.22966666666666669,0.3983333333333333,treatment
F3,sample,0.125,T2,TOB,0.092,0.221,0.438,Plate3,Exp1,0.0040000000000000036,0.13066666666666665,0.32233333333333336,0.12666666666666665,0.31833333333333336,treatment
F4,sample,0.38,T2,TOB,0.091,0.18,0.39,Plate3,Exp1,0.0030000000000000027,0.08966666666666666,0.2743333333333333,0.08666666666666666,0.2713333333333333,treatment
F5,sample,1,T2,TOB,0.091,0.138,0.303,Plate3,Exp1,0.0030000000000000027,0.04766666666666668,0.18733333333333332,0.044666666666666674,0.18433333333333332,treatment
F6,sample,3,T2,TOB,0.091,0.104,0.199,Plate3,Exp1,0.0030000000000000027,0.01366666666666666,0.08333333333333334,0.010666666666666658,0.08033333333333334,treatment
F7,sample,8,T2,TOB,0.092,0.102,0.188,Plate3,Exp1,0.0040000000000000036,0.011666666666666659,0.07233333333333333,0.007666666666666655,0.06833333333333333,treatment
F8,sample,16,T2,TOB,0.09,0.105,0.191,Plate3,Exp1,0.0020000000000000018,0.014666666666666661,0.07533333333333334,0.01266666666666666,0.07333333333333333,treatment
F9,sample,32,T2,TOB,0.09,0.093,0.193,Plate3,Exp1,0.0020000000000000018,0.0026666666666666644,0.07733333333333334,6.666666666666626e-4,0.07533333333333334,treatment
F10,sample,64,T2,TOB,0.093,0.094,0.189,Plate3,Exp1,0.0050000000000000044,0.0036666666666666653,0.07333333333333333,-0.0013333333333333391,0.06833333333333333,treatment
F11,sample,128,T2,TOB,0.089,0.09,0.17,Plate3,Exp1,0.0010000000000000009,-3.3333333333333826e-4,0.054333333333333345,-0.0013333333333333391,0.053333333333333344,treatment
F12,sample,256,T2,TOB,0.09,0.092,0.144,Plate3,Exp1,0.0020000000000000018,0.0016666666666666635,0.02833333333333332,-3.3333333333333826e-4,0.02633333333333332,treatment
G1,sample,0.016,T2,TOB,0.092,0.235,0.395,Plate3,Exp1,0.0040000000000000036,0.14466666666666667,0.2793333333333333,0.14066666666666666,0.2753333333333333,treatment
G2,sample,0.047,T2,TOB,0.091,0.306,0.484,Plate3,Exp1,0.0030000000000000027,0.21566666666666667,0.3683333333333333,0.21266666666666667,0.3653333333333333,treatment
G3,sample,0.125,T2,TOB,0.092,0.226,0.436,Plate3,Exp1,0.0040000000000000036,0.13566666666666666,0.32033333333333336,0.13166666666666665,0.31633333333333336,treatment
G4,sample,0.38,T2,TOB,0.09,0.201,0.403,Plate3,Exp1,0.0020000000000000018,0.11066666666666668,0.28733333333333333,0.10866666666666668,0.28533333333333333,treatment
G5,sample,1,T2,TOB,0.091,0.12,0.263,Plate3,Exp1,0.0030000000000000027,0.02966666666666666,0.14733333333333334,0.026666666666666658,0.14433333333333334,treatment
G6,sample,3,T2,TOB,0.097,0.097,0.196,Plate3,Exp1,0.009000000000000008,0.006666666666666668,0.08033333333333334,-0.00233333333333334,0.07133333333333333,treatment
G7,sample,8,T2,TOB,0.09,0.091,0.183,Plate3,Exp1,0.0020000000000000018,6.666666666666626e-4,0.06733333333333333,-0.0013333333333333391,0.06533333333333333,treatment
G8,sample,16,T2,TOB,0.093,0.092,0.184,Plate3,Exp1,0.0050000000000000044,0.0016666666666666635,0.06833333333333333,-0.003333333333333341,0.06333333333333332,treatment
G9,sample,32,T2,TOB,0.091,0.093,0.182,Plate3,Exp1,0.0030000000000000027,0.0026666666666666644,0.06633333333333333,-3.3333333333333826e-4,0.06333333333333332,treatment
G10,sample,64,T2,TOB,0.094,0.094,0.18,Plate3,Exp1,0.006000000000000005,0.0036666666666666653,0.06433333333333333,-0.00233333333333334,0.05833333333333332,treatment
G11,sample,128,T2,TOB,0.089,0.09,0.16,Plate3,Exp1,0.0010000000000000009,-3.3333333333333826e-4,0.044333333333333336,-0.0013333333333333391,0.043333333333333335,treatment
G12,sample,256,T2,TOB,0.09,0.09,0.09,Plate3,Exp1,0.0020000000000000018,-3.3333333333333826e-4,-0.02566666666666667,-0.00233333333333334,-0.027666666666666673,treatment
H1,sample,0.016,T2,TOB,0.091,0.284,0.431,Plate3,Exp1,0.0030000000000000027,0.19366666666666665,0.31533333333333335,0.19066666666666665,0.31233333333333335,treatment
H2,sample,0.047,T2,TOB,0.091,0.306,0.423,Plate3,Exp1,0.0030000000000000027,0.21566666666666667,0.30733333333333335,0.21266666666666667,0.30433333333333334,treatment
H3,sample,0.125,T2,TOB,0.091,0.286,0.445,Plate3,Exp1,0.0030000000000000027,0.19566666666666666,0.32933333333333337,0.19266666666666665,0.32633333333333336,treatment
H4,sample,0.38,T2,TOB,0.091,0.244,0.411,Plate3,Exp1,0.0030000000000000027,0.15366666666666667,0.29533333333333334,0.15066666666666667,0.29233333333333333,treatment
H5,sample,1,T2,TOB,0.09,0.155,0.314,Plate3,Exp1,0.0020000000000000018,0.06466666666666666,0.19833333333333333,0.06266666666666666,0.19633333333333333,treatment
H6,sample,3,T2,TOB,0.092,0.099,0.153,Plate3,Exp1,0.0040000000000000036,0.00866666666666667,0.03733333333333333,0.004666666666666666,0.033333333333333326,treatment
H7,sample,8,T2,TOB,0.091,0.095,0.142,Plate3,Exp1,0.0030000000000000027,0.004666666666666666,0.02633333333333332,0.0016666666666666635,0.023333333333333317,treatment
H8,sample,16,T2,TOB,0.094,0.093,0.141,Plate3,Exp1,0.006000000000000005,0.0026666666666666644,0.02533333333333332,-0.003333333333333341,0.019333333333333313,treatment
H9,sample,32,T2,TOB,0.091,0.091,0.134,Plate3,Exp1,0.0030000000000000027,6.666666666666626e-4,0.01833333333333334,-0.00233333333333334,0.015333333333333338,treatment
H10,sample,64,T2,TOB,0.094,0.095,0.118,Plate3,Exp1,0.006000000000000005,0.004666666666666666,0.002333333333333326,-0.0013333333333333391,-0.003666666666666679,treatment
H11,sample,128,T2,TOB,0.089,0.089,0.089,Plate3,Exp1,0.0010000000000000009,-0.0013333333333333391,-0.026666666666666672,-0.00233333333333334,-0.027666666666666673,treatment
H12,sample,256,T2,TOB,0.089,0.089,0.09,Plate3,Exp1,0.0010000000000000009,-0.0013333333333333391,-0.02566666666666667,-0.00233333333333334,-0.026666666666666672,treatment
A1,blank,NA,NA,TOB,0.088,0.089,0.089,Plate4,Exp1,-0.0013333333333333391,-0.0010000000000000009,0,3.3333333333333826e-4,0.0013333333333333391,blank
A2,blank,NA,NA,TOB,0.088,0.09,0.09,Plate4,Exp1,-0.0013333333333333391,0,0.0010000000000000009,0.0013333333333333391,0.00233333333333334,blank
A3,blank,NA,NA,TOB,0.092,0.091,0.088,Plate4,Exp1,0.0026666666666666644,0.0010000000000000009,-0.0010000000000000009,-0.0016666666666666635,-0.0036666666666666653,blank
A4,empty,NA,NA,TOB,0.091,0.094,0.09,Plate4,Exp1,0.0016666666666666635,0.0040000000000000036,0.0010000000000000009,0.00233333333333334,-6.666666666666626e-4,empty
A5,empty,NA,NA,TOB,0.091,0.091,0.089,Plate4,Exp1,0.0016666666666666635,0.0010000000000000009,0,-6.666666666666626e-4,-0.0016666666666666635,empty
A6,empty,NA,NA,TOB,0.091,0.092,0.089,Plate4,Exp1,0.0016666666666666635,0.0020000000000000018,0,3.3333333333333826e-4,-0.0016666666666666635,empty
A7,empty,NA,NA,TOB,0.091,0.091,0.09,Plate4,Exp1,0.0016666666666666635,0.0010000000000000009,0.0010000000000000009,-6.666666666666626e-4,-6.666666666666626e-4,empty
A8,empty,NA,NA,TOB,0.09,0.092,0.091,Plate4,Exp1,6.666666666666626e-4,0.0020000000000000018,0.0020000000000000018,0.0013333333333333391,0.0013333333333333391,empty
A9,empty,NA,NA,TOB,0.09,0.093,0.092,Plate4,Exp1,6.666666666666626e-4,0.0030000000000000027,0.0030000000000000027,0.00233333333333334,0.00233333333333334,empty
A10,sample,0,T3,TOB,0.089,0.352,0.425,Plate4,Exp1,-3.3333333333333826e-4,0.262,0.33599999999999997,0.26233333333333336,0.3363333333333333,growth_control
A11,sample,0,T3,TOB,0.089,0.357,0.409,Plate4,Exp1,-3.3333333333333826e-4,0.267,0.31999999999999995,0.26733333333333337,0.3203333333333333,growth_control
A12,sample,0,T3,TOB,0.088,0.376,0.443,Plate4,Exp1,-0.0013333333333333391,0.28600000000000003,0.354,0.2873333333333334,0.35533333333333333,growth_control
B1,sample,0.016,NA1,TOB,0.081,0.083,0.085,Plate4,Exp1,-0.008333333333333331,-0.006999999999999992,-0.00399999999999999,0.0013333333333333391,0.004333333333333342,treatment
B2,sample,0.047,NA1,TOB,0.142,0.204,0.238,Plate4,Exp1,0.05266666666666665,0.11399999999999999,0.149,0.06133333333333334,0.09633333333333334,treatment
B3,sample,0.125,NA1,TOB,0.093,0.093,0.093,Plate4,Exp1,0.0036666666666666653,0.0030000000000000027,0.0040000000000000036,-6.666666666666626e-4,3.3333333333333826e-4,treatment
B4,sample,0.38,NA1,TOB,0.09,0.099,0.099,Plate4,Exp1,6.666666666666626e-4,0.009000000000000008,0.010000000000000009,0.008333333333333345,0.009333333333333346,treatment
B5,sample,1,NA1,TOB,0.094,0.092,0.094,Plate4,Exp1,0.004666666666666666,0.0020000000000000018,0.0050000000000000044,-0.0026666666666666644,3.3333333333333826e-4,treatment
B6,sample,3,NA1,TOB,0.096,0.092,0.094,Plate4,Exp1,0.006666666666666668,0.0020000000000000018,0.0050000000000000044,-0.004666666666666666,-0.0016666666666666635,treatment
B7,sample,8,NA1,TOB,0.093,0.091,0.094,Plate4,Exp1,0.0036666666666666653,0.0010000000000000009,0.0050000000000000044,-0.0026666666666666644,0.0013333333333333391,treatment
B8,sample,16,NA1,TOB,0.091,0.092,0.092,Plate4,Exp1,0.0016666666666666635,0.0020000000000000018,0.0030000000000000027,3.3333333333333826e-4,0.0013333333333333391,treatment
B9,sample,32,NA1,TOB,0.091,0.092,0.092,Plate4,Exp1,0.0016666666666666635,0.0020000000000000018,0.0030000000000000027,3.3333333333333826e-4,0.0013333333333333391,treatment
B10,sample,64,NA1,TOB,0.093,0.094,0.093,Plate4,Exp1,0.0036666666666666653,0.0040000000000000036,0.0040000000000000036,3.3333333333333826e-4,3.3333333333333826e-4,treatment
B11,sample,128,NA1,TOB,0.09,0.091,0.09,Plate4,Exp1,6.666666666666626e-4,0.0010000000000000009,0.0010000000000000009,3.3333333333333826e-4,3.3333333333333826e-4,treatment
B12,sample,256,NA1,TOB,0.089,0.09,0.089,Plate4,Exp1,-3.3333333333333826e-4,0,0,3.3333333333333826e-4,3.3333333333333826e-4,treatment
C1,sample,0.016,T3,TOB,0.094,0.322,0.421,Plate4,Exp1,0.004666666666666666,0.232,0.33199999999999996,0.22733333333333333,0.3273333333333333,treatment
C2,sample,0.047,T3,TOB,0.091,0.429,0.498,Plate4,Exp1,0.0016666666666666635,0.33899999999999997,0.40900000000000003,0.3373333333333333,0.4073333333333334,treatment
C3,sample,0.125,T3,TOB,0.092,0.569,0.642,Plate4,Exp1,0.0026666666666666644,0.479,0.553,0.47633333333333333,0.5503333333333333,treatment
C4,sample,0.38,T3,TOB,0.09,0.261,0.413,Plate4,Exp1,6.666666666666626e-4,0.171,0.32399999999999995,0.17033333333333334,0.3233333333333333,treatment
C5,sample,1,T3,TOB,0.093,0.153,0.223,Plate4,Exp1,0.0036666666666666653,0.063,0.134,0.059333333333333335,0.13033333333333336,treatment
C6,sample,3,T3,TOB,0.091,0.097,0.101,Plate4,Exp1,0.0016666666666666635,0.007000000000000006,0.01200000000000001,0.005333333333333343,0.010333333333333347,treatment
C7,sample,8,T3,TOB,0.09,0.091,0.091,Plate4,Exp1,6.666666666666626e-4,0.0010000000000000009,0.0020000000000000018,3.3333333333333826e-4,0.0013333333333333391,treatment
C8,sample,16,T3,TOB,0.091,0.092,0.091,Plate4,Exp1,0.0016666666666666635,0.0020000000000000018,0.0020000000000000018,3.3333333333333826e-4,3.3333333333333826e-4,treatment
C9,sample,32,T3,TOB,0.091,0.093,0.093,Plate4,Exp1,0.0016666666666666635,0.0030000000000000027,0.0040000000000000036,0.0013333333333333391,0.00233333333333334,treatment
C10,sample,64,T3,TOB,0.095,0.096,0.096,Plate4,Exp1,0.005666666666666667,0.006000000000000005,0.007000000000000006,3.3333333333333826e-4,0.0013333333333333391,treatment
C11,sample,128,T3,TOB,0.09,0.091,0.091,Plate4,Exp1,6.666666666666626e-4,0.0010000000000000009,0.0020000000000000018,3.3333333333333826e-4,0.0013333333333333391,treatment
C12,sample,256,T3,TOB,0.09,0.091,0.093,Plate4,Exp1,6.666666666666626e-4,0.0010000000000000009,0.0040000000000000036,3.3333333333333826e-4,0.003333333333333341,treatment
D1,sample,0.016,T3,TOB,0.101,0.608,0.67,Plate4,Exp1,0.011666666666666672,0.518,0.5810000000000001,0.5063333333333333,0.5693333333333334,treatment
D2,sample,0.047,T3,TOB,0.092,0.434,0.503,Plate4,Exp1,0.0026666666666666644,0.344,0.41400000000000003,0.3413333333333333,0.4113333333333334,treatment
D3,sample,0.125,T3,TOB,0.092,0.613,0.692,Plate4,Exp1,0.0026666666666666644,0.523,0.603,0.5203333333333333,0.6003333333333333,treatment
D4,sample,0.38,T3,TOB,0.09,0.26,0.347,Plate4,Exp1,6.666666666666626e-4,0.17,0.258,0.16933333333333334,0.25733333333333336,treatment
D5,sample,1,T3,TOB,0.09,0.16,0.217,Plate4,Exp1,6.666666666666626e-4,0.07,0.128,0.06933333333333334,0.12733333333333335,treatment
D6,sample,3,T3,TOB,0.09,0.1,0.117,Plate4,Exp1,6.666666666666626e-4,0.010000000000000009,0.02800000000000001,0.009333333333333346,0.02733333333333335,treatment
D7,sample,8,T3,TOB,0.091,0.09,0.091,Plate4,Exp1,0.0016666666666666635,0,0.0020000000000000018,-0.0016666666666666635,3.3333333333333826e-4,treatment
D8,sample,16,T3,TOB,0.091,0.092,0.092,Plate4,Exp1,0.0016666666666666635,0.0020000000000000018,0.0030000000000000027,3.3333333333333826e-4,0.0013333333333333391,treatment
D9,sample,32,T3,TOB,0.091,0.092,0.092,Plate4,Exp1,0.0016666666666666635,0.0020000000000000018,0.0030000000000000027,3.3333333333333826e-4,0.0013333333333333391,treatment
D10,sample,64,T3,TOB,0.095,0.098,0.099,Plate4,Exp1,0.005666666666666667,0.008000000000000007,0.010000000000000009,0.00233333333333334,0.004333333333333342,treatment
D11,sample,128,T3,TOB,0.089,0.09,0.091,Plate4,Exp1,-3.3333333333333826e-4,0,0.0020000000000000018,3.3333333333333826e-4,0.00233333333333334,treatment
D12,sample,256,T3,TOB,0.09,0.096,0.095,Plate4,Exp1,6.666666666666626e-4,0.006000000000000005,0.006000000000000005,0.005333333333333343,0.005333333333333343,treatment
E1,sample,0.016,T3,TOB,0.096,0.254,0.357,Plate4,Exp1,0.006666666666666668,0.164,0.268,0.15733333333333333,0.26133333333333336,treatment
E2,sample,0.047,T3,TOB,0.092,0.266,0.347,Plate4,Exp1,0.0026666666666666644,0.17600000000000002,0.258,0.17333333333333334,0.25533333333333336,treatment
E3,sample,0.125,T3,TOB,0.093,0.418,0.493,Plate4,Exp1,0.0036666666666666653,0.32799999999999996,0.404,0.3243333333333333,0.4003333333333334,treatment
E4,sample,0.38,T3,TOB,0.092,0.314,0.381,Plate4,Exp1,0.0026666666666666644,0.224,0.29200000000000004,0.22133333333333333,0.2893333333333334,treatment
E5,sample,1,T3,TOB,0.091,0.173,0.231,Plate4,Exp1,0.0016666666666666635,0.08299999999999999,0.14200000000000002,0.08133333333333333,0.14033333333333337,treatment
E6,sample,3,T3,TOB,0.094,0.097,0.097,Plate4,Exp1,0.004666666666666666,0.007000000000000006,0.008000000000000007,0.00233333333333334,0.003333333333333341,treatment
E7,sample,8,T3,TOB,0.089,0.09,0.093,Plate4,Exp1,-3.3333333333333826e-4,0,0.0040000000000000036,3.3333333333333826e-4,0.004333333333333342,treatment
E8,sample,16,T3,TOB,0.092,0.093,0.092,Plate4,Exp1,0.0026666666666666644,0.0030000000000000027,0.0030000000000000027,3.3333333333333826e-4,3.3333333333333826e-4,treatment
E9,sample,32,T3,TOB,0.091,0.093,0.094,Plate4,Exp1,0.0016666666666666635,0.0030000000000000027,0.0050000000000000044,0.0013333333333333391,0.003333333333333341,treatment
E10,sample,64,T3,TOB,0.096,0.096,0.097,Plate4,Exp1,0.006666666666666668,0.006000000000000005,0.008000000000000007,-6.666666666666626e-4,0.0013333333333333391,treatment
E11,sample,128,T3,TOB,0.091,0.092,0.091,Plate4,Exp1,0.0016666666666666635,0.0020000000000000018,0.0020000000000000018,3.3333333333333826e-4,3.3333333333333826e-4,treatment
E12,sample,256,T3,TOB,0.092,0.092,0.091,Plate4,Exp1,0.0026666666666666644,0.0020000000000000018,0.0020000000000000018,-6.666666666666626e-4,-6.666666666666626e-4,treatment
F1,empty,NA,NA,TOB,0.09,0.092,0.09,Plate4,Exp1,6.666666666666626e-4,0.0020000000000000018,0.0010000000000000009,0.0013333333333333391,3.3333333333333826e-4,empty
F2,empty,NA,NA,TOB,0.089,0.091,0.09,Plate4,Exp1,-3.3333333333333826e-4,0.0010000000000000009,0.0010000000000000009,0.0013333333333333391,0.0013333333333333391,empty
F3,empty,NA,NA,TOB,0.09,0.09,0.09,Plate4,Exp1,6.666666666666626e-4,0,0.0010000000000000009,-6.666666666666626e-4,3.3333333333333826e-4,empty
F4,empty,NA,NA,TOB,0.09,0.091,0.09,Plate4,Exp1,6.666666666666626e-4,0.0010000000000000009,0.0010000000000000009,3.3333333333333826e-4,3.3333333333333826e-4,empty
F5,empty,NA,NA,TOB,0.09,0.092,0.092,Plate4,Exp1,6.666666666666626e-4,0.0020000000000000018,0.0030000000000000027,0.0013333333333333391,0.00233333333333334,empty
F6,empty,NA,NA,TOB,0.089,0.089,0.089,Plate4,Exp1,-3.3333333333333826e-4,-0.0010000000000000009,0,-6.666666666666626e-4,3.3333333333333826e-4,empty
F7,empty,NA,NA,TOB,0.089,0.089,0.09,Plate4,Exp1,-3.3333333333333826e-4,-0.0010000000000000009,0.0010000000000000009,-6.666666666666626e-4,0.0013333333333333391,empty
F8,empty,NA,NA,TOB,0.089,0.09,0.091,Plate4,Exp1,-3.3333333333333826e-4,0,0.0020000000000000018,3.3333333333333826e-4,0.00233333333333334,empty
F9,empty,NA,NA,TOB,0.089,0.09,0.089,Plate4,Exp1,-3.3333333333333826e-4,0,0,3.3333333333333826e-4,3.3333333333333826e-4,empty
F10,empty,NA,NA,TOB,0.09,0.09,0.091,Plate4,Exp1,6.666666666666626e-4,0,0.0020000000000000018,-6.666666666666626e-4,0.0013333333333333391,empty
F11,empty,NA,NA,TOB,0.09,0.095,0.092,Plate4,Exp1,6.666666666666626e-4,0.0050000000000000044,0.0030000000000000027,0.004333333333333342,0.00233333333333334,empty
F12,empty,NA,NA,TOB,0.089,0.092,0.093,Plate4,Exp1,-3.3333333333333826e-4,0.0020000000000000018,0.0040000000000000036,0.00233333333333334,0.004333333333333342,empty
G1,empty,NA,NA,TOB,0.09,0.091,0.09,Plate4,Exp1,6.666666666666626e-4,0.0010000000000000009,0.0010000000000000009,3.3333333333333826e-4,3.3333333333333826e-4,empty
G2,empty,NA,NA,TOB,0.09,0.09,0.09,Plate4,Exp1,6.666666666666626e-4,0,0.0010000000000000009,-6.666666666666626e-4,3.3333333333333826e-4,empty
G3,empty,NA,NA,TOB,0.09,0.09,0.091,Plate4,Exp1,6.666666666666626e-4,0,0.0020000000000000018,-6.666666666666626e-4,0.0013333333333333391,empty
G4,empty,NA,NA,TOB,0.09,0.09,0.09,Plate4,Exp1,6.666666666666626e-4,0,0.0010000000000000009,-6.666666666666626e-4,3.3333333333333826e-4,empty
G5,empty,NA,NA,TOB,0.09,0.09,0.09,Plate4,Exp1,6.666666666666626e-4,0,0.0010000000000000009,-6.666666666666626e-4,3.3333333333333826e-4,empty
G6,empty,NA,NA,TOB,0.089,0.09,0.089,Plate4,Exp1,-3.3333333333333826e-4,0,0,3.3333333333333826e-4,3.3333333333333826e-4,empty
G7,empty,NA,NA,TOB,0.089,0.091,0.09,Plate4,Exp1,-3.3333333333333826e-4,0.0010000000000000009,0.0010000000000000009,0.0013333333333333391,0.0013333333333333391,empty
G8,empty,NA,NA,TOB,0.09,0.09,0.091,Plate4,Exp1,6.666666666666626e-4,0,0.0020000000000000018,-6.666666666666626e-4,0.0013333333333333391,empty
G9,empty,NA,NA,TOB,0.089,0.091,0.09,Plate4,Exp1,-3.3333333333333826e-4,0.0010000000000000009,0.0010000000000000009,0.0013333333333333391,0.0013333333333333391,empty
G10,empty,NA,NA,TOB,0.09,0.091,0.091,Plate4,Exp1,6.666666666666626e-4,0.0010000000000000009,0.0020000000000000018,3.3333333333333826e-4,0.0013333333333333391,empty
G11,empty,NA,NA,TOB,0.089,0.09,0.09,Plate4,Exp1,-3.3333333333333826e-4,0,0.0010000000000000009,3.3333333333333826e-4,0.0013333333333333391,empty
G12,empty,NA,NA,TOB,0.089,0.09,0.09,Plate4,Exp1,-3.3333333333333826e-4,0,0.0010000000000000009,3.3333333333333826e-4,0.0013333333333333391,empty
H1,empty,NA,NA,TOB,0.088,0.09,0.089,Plate4,Exp1,-0.0013333333333333391,0,0,0.0013333333333333391,0.0013333333333333391,empty
H2,empty,NA,NA,TOB,0.09,0.09,0.09,Plate4,Exp1,6.666666666666626e-4,0,0.0010000000000000009,-6.666666666666626e-4,3.3333333333333826e-4,empty
H3,empty,NA,NA,TOB,0.089,0.089,0.089,Plate4,Exp1,-3.3333333333333826e-4,-0.0010000000000000009,0,-6.666666666666626e-4,3.3333333333333826e-4,empty
H4,empty,NA,NA,TOB,0.089,0.09,0.091,Plate4,Exp1,-3.3333333333333826e-4,0,0.0020000000000000018,3.3333333333333826e-4,0.00233333333333334,empty
H5,empty,NA,NA,TOB,0.091,0.09,0.089,Plate4,Exp1,0.0016666666666666635,0,0,-0.0016666666666666635,-0.0016666666666666635,empty
H6,empty,NA,NA,TOB,0.089,0.092,0.09,Plate4,Exp1,-3.3333333333333826e-4,0.0020000000000000018,0.0010000000000000009,0.00233333333333334,0.0013333333333333391,empty
H7,empty,NA,NA,TOB,0.09,0.094,0.09,Plate4,Exp1,6.666666666666626e-4,0.0040000000000000036,0.0010000000000000009,0.003333333333333341,3.3333333333333826e-4,empty
H8,empty,NA,NA,TOB,0.092,0.091,0.091,Plate4,Exp1,0.0026666666666666644,0.0010000000000000009,0.0020000000000000018,-0.0016666666666666635,-6.666666666666626e-4,empty
H9,empty,NA,NA,TOB,0.089,0.091,0.09,Plate4,Exp1,-3.3333333333333826e-4,0.0010000000000000009,0.0010000000000000009,0.0013333333333333391,0.0013333333333333391,empty
H10,empty,NA,NA,TOB,0.09,0.09,0.09,Plate4,Exp1,6.666666666666626e-4,0,0.0010000000000000009,-6.666666666666626e-4,3.3333333333333826e-4,empty
H11,empty,NA,NA,TOB,0.089,0.089,0.089,Plate4,Exp1,-3.3333333333333826e-4,-0.0010000000000000009,0,-6.666666666666626e-4,3.3333333333333826e-4,empty
H12,empty,NA,NA,TOB,0.089,0.091,0.091,Plate4,Exp1,-3.3333333333333826e-4,0.0010000000000000009,0.0020000000000000018,0.0013333333333333391,0.00233333333333334,empty
